task_name,s_time,e_time,diff_time,seconds
LOAD,2014-11-04 01:08:17.12806,2014-11-04 01:19:52.268599,00:11:35.140539,695.140539
PERF,2014-11-04 01:19:52.281594,,,
PERF.POWER.RF1,2014-11-04 01:20:06.113469,2014-11-04 01:20:21.13967,00:00:15.026201,15.026201
PERF.POWER.Q14,2014-11-04 01:20:21.164669,2014-11-04 01:20:29.549332,00:00:08.384663,8.384663
PERF.POWER.Q2,2014-11-04 01:20:29.569432,2014-11-04 01:20:37.583991,00:00:08.014559,8.014559
PERF.POWER.Q9,2014-11-04 01:20:37.606629,2014-11-04 01:22:05.895713,00:01:28.289084,88.289084
PERF.POWER.Q20,2014-11-04 01:22:05.917982,2014-11-04 01:22:14.026791,00:00:08.108809,8.108809
PERF.POWER.Q6,2014-11-04 01:22:14.047463,2014-11-04 01:22:28.865092,00:00:14.817629,14.817629
PERF.POWER.Q17,2014-11-04 01:22:28.885987,2014-11-04 01:22:29.40754,00:00:00.521553,0.521553
PERF.POWER.Q18,2014-11-04 01:22:29.418955,2014-11-04 01:23:49.657643,00:01:20.238688,80.238688
PERF.POWER.Q8,2014-11-04 01:23:49.678833,2014-11-04 01:23:58.594588,00:00:08.915755,8.915755
PERF.POWER.Q21,2014-11-04 01:23:58.615697,2014-11-04 01:24:39.229642,00:00:40.613945,40.613945
PERF.POWER.Q13,2014-11-04 01:24:39.250296,2014-11-04 01:25:16.665973,00:00:37.415677,37.415677
PERF.POWER.Q3,2014-11-04 01:25:16.686762,2014-11-04 01:25:46.902465,00:00:30.215703,30.215703
PERF.POWER.Q22,2014-11-04 01:25:46.923319,2014-11-04 01:25:57.533302,00:00:10.609983,10.609983
PERF.POWER.Q16,2014-11-04 01:25:57.553552,2014-11-04 01:26:07.16381,00:00:09.610258,9.610258
PERF.POWER.Q4,2014-11-04 01:26:07.185278,2014-11-04 01:26:16.335153,00:00:09.149875,9.149875
PERF.POWER.Q11,2014-11-04 01:26:16.357263,2014-11-04 01:26:18.825152,00:00:02.467889,2.467889
PERF.POWER.Q15,2014-11-04 01:26:18.845388,2014-11-04 01:26:37.542572,00:00:18.697184,18.697184
PERF.POWER.Q1,2014-11-04 01:26:37.563604,2014-11-04 01:27:56.65062,00:01:19.087016,79.087016
PERF.POWER.Q10,2014-11-04 01:27:56.671539,2014-11-04 01:28:23.677991,00:00:27.006452,27.006452
PERF.POWER.Q19,2014-11-04 01:28:23.697245,2014-11-04 01:28:24.264036,00:00:00.566791,0.566791
PERF.POWER.Q5,2014-11-04 01:28:24.279197,2014-11-04 01:28:37.04081,00:00:12.761613,12.761613
PERF.POWER.Q7,2014-11-04 01:28:37.062269,2014-11-04 01:28:56.24791,00:00:19.185641,19.185641
PERF.POWER.Q12,2014-11-04 01:28:56.269181,2014-11-04 01:29:18.557104,00:00:22.287923,22.287923
PERF.POWER.RF2,2014-11-04 01:29:18.572595,2014-11-04 01:29:49.749552,00:00:31.176957,31.176957
PERF.POWER,2014-11-04 01:20:06.09942,2014-11-04 01:29:49.76525,00:09:43.66583,583.66583
PERF.THRUPUT.QS9.Q19,2014-11-04 01:34:24.25135,2014-11-04 01:34:24.974038,00:00:00.722688,0.722688
PERF.THRUPUT.QS8.Q19,2014-11-04 01:29:54.42702,2014-11-04 01:29:55.716656,00:00:01.289636,1.289636
PERF.THRUPUT.QS15.Q16,2014-11-04 01:29:54.423171,2014-11-04 01:30:07.647519,00:00:13.224348,13.224348
PERF.THRUPUT.QS14.Q2,2014-11-04 01:29:54.44058,2014-11-04 01:30:07.880835,00:00:13.440255,13.440255
PERF.THRUPUT.QS3.Q14,2014-11-04 01:34:29.089851,2014-11-04 01:34:36.843535,00:00:07.753684,7.753684
PERF.THRUPUT.QS9.Q8,2014-11-04 01:29:54.434008,2014-11-04 01:30:10.008082,00:00:15.574074,15.574074
PERF.THRUPUT.QS3.Q8,2014-11-04 01:29:54.440889,2014-11-04 01:30:10.285282,00:00:15.844393,15.844393
PERF.THRUPUT.RFST1.RF1,2014-11-04 01:29:53.860581,2014-11-04 01:30:12.453792,00:00:18.593211,18.593211
PERF.THRUPUT.QS4.Q5,2014-11-04 01:29:54.433317,2014-11-04 01:30:12.575683,00:00:18.142366,18.142366
PERF.THRUPUT.QS2.Q6,2014-11-04 01:29:54.433381,2014-11-04 01:30:17.792792,00:00:23.359411,23.359411
PERF.THRUPUT.QS10.Q6,2014-11-04 01:29:54.415902,2014-11-04 01:30:17.794504,00:00:23.378602,23.378602
PERF.THRUPUT.QS2.Q17,2014-11-04 01:30:17.806989,2014-11-04 01:30:18.478558,00:00:00.671569,0.671569
PERF.THRUPUT.QS6.Q10,2014-11-04 01:29:54.42509,2014-11-04 01:30:20.611444,00:00:26.186354,26.186354
PERF.THRUPUT.QS11.Q15,2014-11-04 01:29:54.441411,2014-11-04 01:30:22.118099,00:00:27.676688,27.676688
PERF.THRUPUT.QS2.Q14,2014-11-04 01:30:18.495175,2014-11-04 01:30:25.674099,00:00:07.178924,7.178924
PERF.THRUPUT.QS3.Q5,2014-11-04 01:30:10.330679,2014-11-04 01:30:25.702871,00:00:15.372192,15.372192
PERF.THRUPUT.QS11.Q14,2014-11-04 01:30:22.131735,2014-11-04 01:30:29.388641,00:00:07.256906,7.256906
PERF.THRUPUT.QS3.Q4,2014-11-04 01:30:25.716875,2014-11-04 01:30:35.10199,00:00:09.385115,9.385115
PERF.THRUPUT.QS2.Q16,2014-11-04 01:30:25.686299,2014-11-04 01:30:36.353323,00:00:10.667024,10.667024
PERF.THRUPUT.QS2.Q19,2014-11-04 01:30:36.392102,2014-11-04 01:30:37.08358,00:00:00.691478,0.691478
PERF.THRUPUT.QS10.Q15,2014-11-04 01:30:17.809768,2014-11-04 01:30:38.679971,00:00:20.870203,20.870203
PERF.THRUPUT.QS13.Q21,2014-11-04 01:29:54.451668,2014-11-04 01:30:39.622971,00:00:45.171303,45.171303
PERF.THRUPUT.QS5.Q21,2014-11-04 01:29:54.446918,2014-11-04 01:30:39.624102,00:00:45.177184,45.177184
PERF.THRUPUT.QS1.Q21,2014-11-04 01:29:54.419906,2014-11-04 01:30:39.748828,00:00:45.328922,45.328922
PERF.THRUPUT.QS13.Q17,2014-11-04 01:30:39.654317,2014-11-04 01:30:40.434202,00:00:00.779885,0.779885
PERF.THRUPUT.QS6.Q4,2014-11-04 01:34:33.419316,2014-11-04 01:34:43.872902,00:00:10.453586,10.453586
PERF.THRUPUT.QS9.Q13,2014-11-04 01:30:10.047273,2014-11-04 01:30:42.947611,00:00:32.900338,32.900338
PERF.THRUPUT.RFST1.RF2,2014-11-04 01:30:12.466539,2014-11-04 01:30:50.291492,00:00:37.824953,37.824953
PERF.THRUPUT.RFST1,2014-11-04 01:29:53.843534,2014-11-04 01:30:50.301595,00:00:56.458061,56.458061
PERF.THRUPUT.QS6.Q22,2014-11-04 01:34:46.436833,2014-11-04 01:34:56.644952,00:00:10.208119,10.208119
PERF.THRUPUT.QS3.Q6,2014-11-04 01:30:35.128129,2014-11-04 01:30:51.36655,00:00:16.238421,16.238421
PERF.THRUPUT.QS3.Q17,2014-11-04 01:30:51.380049,2014-11-04 01:30:52.127356,00:00:00.747307,0.747307
PERF.THRUPUT.QS9.Q2,2014-11-04 01:30:42.96378,2014-11-04 01:30:53.180604,00:00:10.216824,10.216824
PERF.THRUPUT.QS6.Q3,2014-11-04 01:30:20.62574,2014-11-04 01:30:54.538643,00:00:33.912903,33.912903
PERF.THRUPUT.QS4.Q21,2014-11-04 01:30:12.589849,2014-11-04 01:30:56.755312,00:00:44.165463,44.165463
PERF.THRUPUT.QS8.Q7,2014-11-04 01:34:39.190917,2014-11-04 01:35:02.429094,00:00:23.238177,23.238177
PERF.THRUPUT.QS5.Q15,2014-11-04 01:30:39.639181,2014-11-04 01:31:00.662575,00:00:21.023394,21.023394
PERF.THRUPUT.RFST7.RF1,2014-11-04 01:34:48.307479,2014-11-04 01:35:03.896287,00:00:15.588808,15.588808
PERF.THRUPUT.QS9.Q20,2014-11-04 01:30:53.194249,2014-11-04 01:31:02.23811,00:00:09.043861,9.043861
PERF.THRUPUT.QS9.Q17,2014-11-04 01:31:02.285539,2014-11-04 01:31:02.986224,00:00:00.700685,0.700685
PERF.THRUPUT.QS15.Q9,2014-11-04 01:30:07.697991,2014-11-04 01:31:56.991409,00:01:49.293418,109.293418
PERF.THRUPUT.QS11.Q18,2014-11-04 01:30:29.40331,2014-11-04 01:32:07.760616,00:01:38.357306,98.357306
PERF.THRUPUT.QS10.Q18,2014-11-04 01:30:38.692691,2014-11-04 01:32:15.626583,00:01:36.933892,96.933892
PERF.THRUPUT.QS15.Q3,2014-11-04 01:34:37.657189,2014-11-04 01:35:09.839761,00:00:32.182572,32.182572
PERF.THRUPUT.QS9.Q15,2014-11-04 01:34:50.413509,2014-11-04 01:35:11.39212,00:00:20.978611,20.978611
PERF.THRUPUT.QS11.Q5,2014-11-04 01:35:06.460448,2014-11-04 01:35:19.590403,00:00:13.129955,13.129955
PERF.THRUPUT.QS1.Q13,2014-11-04 01:34:48.491801,2014-11-04 01:35:21.782893,00:00:33.291092,33.291092
PERF.THRUPUT.QS14.Q1,2014-11-04 01:33:58.053453,2014-11-04 01:35:25.809695,00:01:27.756242,87.756242
PERF.THRUPUT.QS15.Q15,2014-11-04 01:35:09.854901,2014-11-04 01:35:28.978282,00:00:19.123381,19.123381
PERF.THRUPUT.QS9.Q22,2014-11-04 01:35:19.230196,2014-11-04 01:35:29.418325,00:00:10.188129,10.188129
PERF.THRUPUT.QS15.Q5,2014-11-04 01:35:28.991875,2014-11-04 01:35:42.788916,00:00:13.797041,13.797041
PERF.THRUPUT.QS10.Q13,2014-11-04 01:34:58.292402,2014-11-04 01:35:44.394065,00:00:46.101663,46.101663
PERF.THRUPUT.QS2.Q13,2014-11-04 01:35:01.227303,2014-11-04 01:35:44.721964,00:00:43.494661,43.494661
PERF.THRUPUT.QS1.Q10,2014-11-04 01:35:21.795461,2014-11-04 01:35:44.784822,00:00:22.989361,22.989361
PERF.THRUPUT.QS16.Q10,2014-11-04 01:35:27.493738,2014-11-04 01:35:52.768939,00:00:25.275201,25.275201
PERF.THRUPUT.QS15.Q22,2014-11-04 01:35:42.802877,2014-11-04 01:35:53.206775,00:00:10.403898,10.403898
PERF.THRUPUT.QS8.Q20,2014-11-04 01:35:44.93087,2014-11-04 01:35:53.764873,00:00:08.834003,8.834003
PERF.THRUPUT.QS16.Q11,2014-11-04 01:35:52.791443,2014-11-04 01:35:54.998941,00:00:02.207498,2.207498
PERF.THRUPUT.QS10.Q21,2014-11-04 01:35:44.408491,2014-11-04 01:36:29.139665,00:00:44.731174,44.731174
PERF.THRUPUT.RFST10.RF2,2014-11-04 01:37:25.421379,2014-11-04 01:37:58.632156,00:00:33.210777,33.210777
PERF.THRUPUT.RFST10,2014-11-04 01:37:13.284215,2014-11-04 01:37:58.64105,00:00:45.356835,45.356835
PERF.THRUPUT.QS15.Q19,2014-11-04 01:37:59.890006,2014-11-04 01:38:00.570696,00:00:00.68069,0.68069
PERF.THRUPUT.QS5.Q10,2014-11-04 01:37:36.148992,2014-11-04 01:38:00.900776,00:00:24.751784,24.751784
PERF.THRUPUT.QS14.Q19,2014-11-04 01:38:02.558544,2014-11-04 01:38:03.175745,00:00:00.617201,0.617201
PERF.THRUPUT.QS3.Q21,2014-11-04 01:37:31.379125,2014-11-04 01:38:15.67599,00:00:44.296865,44.296865
PERF.THRUPUT.QS13.Q18,2014-11-04 01:37:56.094108,2014-11-04 01:39:18.031739,00:01:21.937631,81.937631
PERF.THRUPUT.QS9.Q9,2014-11-04 01:37:43.569725,2014-11-04 01:39:33.064785,00:01:49.49506,109.49506
PERF.THRUPUT.QS13.ALL,2014-11-04 01:29:54.43905,2014-11-04 01:39:37.871054,00:09:43.432004,583.432004
PERF.THRUPUT.QS4.ALL,2014-11-04 01:29:54.419579,2014-11-04 01:39:38.71654,00:09:44.296961,584.296961
PERF.THRUPUT.QS8.ALL,2014-11-04 01:29:54.413173,2014-11-04 01:39:42.743596,00:09:48.330423,588.330423
PERF.THRUPUT.QS5.ALL,2014-11-04 01:29:54.427855,2014-11-04 01:39:47.864053,00:09:53.436198,593.436198
PERF.THRUPUT.QS15.ALL,2014-11-04 01:29:54.407346,2014-11-04 01:39:49.39038,00:09:54.983034,594.983034
PERF.THRUPUT.QS3.ALL,2014-11-04 01:29:54.427391,2014-11-04 01:39:52.700025,00:09:58.272634,598.272634
PERF.THRUPUT.QS6.ALL,2014-11-04 01:29:54.410921,2014-11-04 01:39:53.091804,00:09:58.680883,598.680883
PERF.THRUPUT.QS7.ALL,2014-11-04 01:29:54.401888,2014-11-04 01:39:56.385605,00:10:01.983717,601.983717
PERF.THRUPUT.QS1.ALL,2014-11-04 01:29:54.407441,2014-11-04 01:40:00.729189,00:10:06.321748,606.321748
PERF.THRUPUT.QS9.ALL,2014-11-04 01:29:54.414416,2014-11-04 01:40:06.074062,00:10:11.659646,611.659646
PERF.THRUPUT.QS14.ALL,2014-11-04 01:29:54.425453,2014-11-04 01:40:07.565461,00:10:13.140008,613.140008
PERF.THRUPUT.QS10.ALL,2014-11-04 01:29:54.403506,2014-11-04 01:40:22.767696,00:10:28.36419,628.36419
PERF.THRUPUT,2014-11-04 01:29:53.821238,2014-11-04 01:42:16.910979,00:12:23.089741,743.089741
PERF.THRUPUT.QS4.Q14,2014-11-04 01:30:56.77106,2014-11-04 01:31:04.300813,00:00:07.529753,7.529753
PERF.THRUPUT.QS2.Q10,2014-11-04 01:30:37.096059,2014-11-04 01:31:04.420387,00:00:27.324328,27.324328
PERF.THRUPUT.QS13.Q7,2014-11-04 01:30:40.447466,2014-11-04 01:31:04.62917,00:00:24.181704,24.181704
PERF.THRUPUT.QS4.Q19,2014-11-04 01:31:04.328585,2014-11-04 01:31:05.078908,00:00:00.750323,0.750323
PERF.THRUPUT.RFST2.RF1,2014-11-04 01:30:50.317655,2014-11-04 01:31:05.572036,00:00:15.254381,15.254381
PERF.THRUPUT.QS5.Q4,2014-11-04 01:31:00.679957,2014-11-04 01:31:09.829564,00:00:09.149607,9.149607
PERF.THRUPUT.QS1.Q3,2014-11-04 01:30:39.763107,2014-11-04 01:31:12.981284,00:00:33.218177,33.218177
PERF.THRUPUT.QS3.Q7,2014-11-04 01:30:52.140151,2014-11-04 01:31:15.295847,00:00:23.155696,23.155696
PERF.THRUPUT.QS6.Q15,2014-11-04 01:30:54.553434,2014-11-04 01:31:15.710189,00:00:21.156755,21.156755
PERF.THRUPUT.QS16.Q1,2014-11-04 01:29:54.453961,2014-11-04 01:31:19.597509,00:01:25.143548,85.143548
PERF.THRUPUT.QS12.Q1,2014-11-04 01:29:54.457775,2014-11-04 01:31:24.279218,00:01:29.821443,89.821443
PERF.THRUPUT.QS4.Q15,2014-11-04 01:31:05.112842,2014-11-04 01:31:25.153575,00:00:20.040733,20.040733
PERF.THRUPUT.QS4.Q17,2014-11-04 01:31:25.166942,2014-11-04 01:31:25.802909,00:00:00.635967,0.635967
PERF.THRUPUT.QS8.Q1,2014-11-04 01:29:55.729053,2014-11-04 01:31:25.893226,00:01:30.164173,90.164173
PERF.THRUPUT.QS5.Q6,2014-11-04 01:31:09.843259,2014-11-04 01:31:26.928233,00:00:17.084974,17.084974
PERF.THRUPUT.QS7.Q18,2014-11-04 01:29:54.414549,2014-11-04 01:31:32.008132,00:01:37.593583,97.593583
PERF.THRUPUT.QS13.Q3,2014-11-04 01:31:04.666837,2014-11-04 01:31:35.431871,00:00:30.765034,30.765034
PERF.THRUPUT.RFST2.RF2,2014-11-04 01:31:05.582979,2014-11-04 01:31:37.325468,00:00:31.742489,31.742489
PERF.THRUPUT.RFST2,2014-11-04 01:30:50.30908,2014-11-04 01:31:37.33439,00:00:47.02531,47.02531
PERF.THRUPUT.QS9.Q3,2014-11-04 01:31:03.027179,2014-11-04 01:31:41.020672,00:00:37.993493,37.993493
PERF.THRUPUT.QS7.Q8,2014-11-04 01:31:32.030579,2014-11-04 01:31:42.449171,00:00:10.418592,10.418592
PERF.THRUPUT.QS8.Q15,2014-11-04 01:31:25.907813,2014-11-04 01:31:45.862939,00:00:19.955126,19.955126
PERF.THRUPUT.QS8.Q17,2014-11-04 01:31:45.877049,2014-11-04 01:31:46.551887,00:00:00.674838,0.674838
PERF.THRUPUT.QS5.Q7,2014-11-04 01:31:26.941296,2014-11-04 01:31:47.427858,00:00:20.486562,20.486562
PERF.THRUPUT.QS12.Q7,2014-11-04 01:31:24.292889,2014-11-04 01:31:48.159788,00:00:23.866899,23.866899
PERF.THRUPUT.QS4.Q12,2014-11-04 01:31:25.816025,2014-11-04 01:31:48.627465,00:00:22.81144,22.81144
PERF.THRUPUT.QS6.Q13,2014-11-04 01:31:15.723578,2014-11-04 01:31:48.872497,00:00:33.148919,33.148919
PERF.THRUPUT.QS7.Q20,2014-11-04 01:31:42.462625,2014-11-04 01:31:50.720366,00:00:08.257741,8.257741
PERF.THRUPUT.QS16.Q3,2014-11-04 01:31:19.61126,2014-11-04 01:31:54.040506,00:00:34.429246,34.429246
PERF.THRUPUT.RFST3.RF1,2014-11-04 01:31:37.349842,2014-11-04 01:31:54.929896,00:00:17.580054,17.580054
PERF.THRUPUT.QS14.Q9,2014-11-04 01:30:07.921945,2014-11-04 01:31:55.166559,00:01:47.244614,107.244614
PERF.THRUPUT.QS15.Q17,2014-11-04 01:31:57.004461,2014-11-04 01:31:57.700888,00:00:00.696427,0.696427
PERF.THRUPUT.QS12.Q16,2014-11-04 01:31:48.184994,2014-11-04 01:31:58.109132,00:00:09.924138,9.924138
PERF.THRUPUT.QS5.Q16,2014-11-04 01:31:47.441503,2014-11-04 01:31:58.359097,00:00:10.917594,10.917594
PERF.THRUPUT.QS12.Q17,2014-11-04 01:31:58.124104,2014-11-04 01:31:58.73913,00:00:00.615026,0.615026
PERF.THRUPUT.QS5.Q19,2014-11-04 01:31:58.372593,2014-11-04 01:31:59.069648,00:00:00.697055,0.697055
PERF.THRUPUT.QS8.Q5,2014-11-04 01:31:46.565361,2014-11-04 01:32:01.722286,00:00:15.156925,15.156925
PERF.THRUPUT.QS9.Q6,2014-11-04 01:31:41.035344,2014-11-04 01:32:01.72556,00:00:20.690216,20.690216
PERF.THRUPUT.QS6.Q6,2014-11-04 01:31:48.913351,2014-11-04 01:32:07.998692,00:00:19.085341,19.085341
PERF.THRUPUT.QS4.Q6,2014-11-04 01:31:48.664543,2014-11-04 01:32:07.999301,00:00:19.334758,19.334758
PERF.THRUPUT.QS15.Q8,2014-11-04 01:31:57.713747,2014-11-04 01:32:08.508991,00:00:10.795244,10.795244
PERF.THRUPUT.QS11.Q17,2014-11-04 01:32:07.796185,2014-11-04 01:32:08.58239,00:00:00.786205,0.786205
PERF.THRUPUT.QS14.Q5,2014-11-04 01:31:55.181172,2014-11-04 01:32:08.987443,00:00:13.806271,13.806271
PERF.THRUPUT.QS8.Q8,2014-11-04 01:32:01.737706,2014-11-04 01:32:13.334606,00:00:11.5969,11.5969
PERF.THRUPUT.QS15.Q14,2014-11-04 01:32:08.86694,2014-11-04 01:32:15.907846,00:00:07.040906,7.040906
PERF.THRUPUT.QS16.Q6,2014-11-04 01:31:54.062254,2014-11-04 01:32:16.239197,00:00:22.176943,22.176943
PERF.THRUPUT.QS10.Q17,2014-11-04 01:32:15.639259,2014-11-04 01:32:16.331887,00:00:00.692628,0.692628
PERF.THRUPUT.QS14.Q4,2014-11-04 01:32:09.01681,2014-11-04 01:32:18.371964,00:00:09.355154,9.355154
PERF.THRUPUT.QS4.Q4,2014-11-04 01:32:08.013465,2014-11-04 01:32:18.371498,00:00:10.358033,10.358033
PERF.THRUPUT.QS6.Q8,2014-11-04 01:32:08.013191,2014-11-04 01:32:19.355876,00:00:11.342685,11.342685
PERF.THRUPUT.QS15.Q11,2014-11-04 01:32:15.922817,2014-11-04 01:32:20.195209,00:00:04.272392,4.272392
PERF.THRUPUT.RFST3.RF2,2014-11-04 01:31:54.941122,2014-11-04 01:32:31.633528,00:00:36.692406,36.692406
PERF.THRUPUT.RFST3,2014-11-04 01:31:37.341843,2014-11-04 01:32:31.643497,00:00:54.301654,54.301654
PERF.THRUPUT.QS16.Q5,2014-11-04 01:32:16.251622,2014-11-04 01:32:33.688574,00:00:17.436952,17.436952
PERF.THRUPUT.QS7.Q21,2014-11-04 01:31:50.757849,2014-11-04 01:32:35.790658,00:00:45.032809,45.032809
PERF.THRUPUT.QS11.Q10,2014-11-04 01:32:08.866423,2014-11-04 01:32:40.79407,00:00:31.927647,31.927647
PERF.THRUPUT.QS7.Q5,2014-11-04 01:37:33.595929,2014-11-04 01:37:46.52766,00:00:12.931731,12.931731
PERF.THRUPUT.QS10.Q12,2014-11-04 01:32:16.344439,2014-11-04 01:32:41.020791,00:00:24.676352,24.676352
PERF.THRUPUT.QS3.Q1,2014-11-04 01:31:15.311226,2014-11-04 01:32:42.475469,00:01:27.164243,87.164243
PERF.THRUPUT.QS16.Q2,2014-11-04 01:32:33.702966,2014-11-04 01:32:44.525733,00:00:10.822767,10.822767
PERF.THRUPUT.QS7.Q2,2014-11-04 01:32:35.804909,2014-11-04 01:32:44.537483,00:00:08.732574,8.732574
PERF.THRUPUT.QS14.Q13,2014-11-04 01:37:10.96368,2014-11-04 01:37:55.407414,00:00:44.443734,44.443734
PERF.THRUPUT.QS15.Q10,2014-11-04 01:32:20.20868,2014-11-04 01:32:44.565375,00:00:24.356695,24.356695
PERF.THRUPUT.QS1.Q18,2014-11-04 01:31:12.994308,2014-11-04 01:32:45.274036,00:01:32.279728,92.279728
PERF.THRUPUT.QS13.Q13,2014-11-04 01:37:27.259083,2014-11-04 01:37:56.081391,00:00:28.822308,28.822308
PERF.THRUPUT.QS2.Q9,2014-11-04 01:31:04.45156,2014-11-04 01:33:04.008919,00:01:59.557359,119.557359
PERF.THRUPUT.QS15.Q12,2014-11-04 01:32:44.580919,2014-11-04 01:33:06.77491,00:00:22.193991,22.193991
PERF.THRUPUT.RFST4,2014-11-04 01:32:31.651065,2014-11-04 01:33:18.069217,00:00:46.418152,46.418152
PERF.THRUPUT.QS5.Q18,2014-11-04 01:31:59.085844,2014-11-04 01:33:28.880287,00:01:29.794443,89.794443
PERF.THRUPUT.QS12.Q18,2014-11-04 01:31:58.752099,2014-11-04 01:33:42.78138,00:01:44.029281,104.029281
PERF.THRUPUT.QS14.Q18,2014-11-04 01:32:18.385528,2014-11-04 01:33:58.033777,00:01:39.648249,99.648249
PERF.THRUPUT.QS4.Q9,2014-11-04 01:32:18.386997,2014-11-04 01:34:00.431537,00:01:42.04454,102.04454
PERF.THRUPUT.QS8.Q9,2014-11-04 01:32:13.349052,2014-11-04 01:34:05.955951,00:01:52.606899,112.606899
PERF.THRUPUT.QS6.Q9,2014-11-04 01:32:19.370272,2014-11-04 01:34:06.902745,00:01:47.532473,107.532473
PERF.THRUPUT.QS10.Q1,2014-11-04 01:32:41.049369,2014-11-04 01:34:12.162792,00:01:31.113423,91.113423
PERF.THRUPUT.QS3.Q18,2014-11-04 01:32:42.508959,2014-11-04 01:34:18.336478,00:01:35.827519,95.827519
PERF.THRUPUT.QS4.Q2,2014-11-04 01:34:24.731298,2014-11-04 01:34:34.584011,00:00:09.852713,9.852713
PERF.THRUPUT.QS8.Q14,2014-11-04 01:34:31.934986,2014-11-04 01:34:39.177025,00:00:07.242039,7.242039
PERF.THRUPUT.QS7.Q11,2014-11-04 01:34:37.885525,2014-11-04 01:34:41.146461,00:00:03.260936,3.260936
PERF.THRUPUT.QS6.Q11,2014-11-04 01:34:43.887324,2014-11-04 01:34:46.423197,00:00:02.535873,2.535873
PERF.THRUPUT.QS1.Q15,2014-11-04 01:34:30.175548,2014-11-04 01:34:48.477015,00:00:18.301467,18.301467
PERF.THRUPUT.QS10.Q22,2014-11-04 01:34:46.151585,2014-11-04 01:34:58.279123,00:00:12.127538,12.127538
PERF.THRUPUT.QS4.Q10,2014-11-04 01:34:34.59834,2014-11-04 01:34:58.601871,00:00:24.003531,24.003531
PERF.THRUPUT.QS2.Q7,2014-11-04 01:34:39.401967,2014-11-04 01:35:01.195317,00:00:21.79335,21.79335
PERF.THRUPUT.QS11.Q22,2014-11-04 01:34:54.649409,2014-11-04 01:35:06.445351,00:00:11.795942,11.795942
PERF.THRUPUT.QS8.Q4,2014-11-04 01:35:02.44738,2014-11-04 01:35:11.273182,00:00:08.825802,8.825802
PERF.THRUPUT.QS9.Q4,2014-11-04 01:35:11.406084,2014-11-04 01:35:19.216866,00:00:07.810782,7.810782
PERF.THRUPUT.QS14.Q20,2014-11-04 01:35:25.823808,2014-11-04 01:35:34.942682,00:00:09.118874,9.118874
PERF.THRUPUT.RFST7.RF2,2014-11-04 01:35:03.906718,2014-11-04 01:35:40.915124,00:00:37.008406,37.008406
PERF.THRUPUT.RFST7,2014-11-04 01:34:48.299653,2014-11-04 01:35:40.925705,00:00:52.626052,52.626052
PERF.THRUPUT.QS11.Q12,2014-11-04 01:35:19.603806,2014-11-04 01:35:43.657954,00:00:24.054148,24.054148
PERF.THRUPUT.QS8.Q3,2014-11-04 01:35:11.286894,2014-11-04 01:35:44.915409,00:00:33.628515,33.628515
PERF.THRUPUT.RFST8.RF1,2014-11-04 01:35:40.942845,2014-11-04 01:35:52.942419,00:00:11.999574,11.999574
PERF.THRUPUT.QS11.Q3,2014-11-04 01:35:43.670844,2014-11-04 01:36:16.889053,00:00:33.218209,33.218209
PERF.THRUPUT.QS6.Q18,2014-11-04 01:34:56.657973,2014-11-04 01:36:25.512449,00:01:28.854476,88.854476
PERF.THRUPUT.QS12.Q9,2014-11-04 01:34:48.907594,2014-11-04 01:36:36.51664,00:01:47.609046,107.609046
PERF.THRUPUT.QS9.Q1,2014-11-04 01:35:29.431349,2014-11-04 01:36:58.125506,00:01:28.694157,88.694157
PERF.THRUPUT.QS2.Q18,2014-11-04 01:35:44.735034,2014-11-04 01:37:18.082545,00:01:33.347511,93.347511
PERF.THRUPUT.QS4.Q1,2014-11-04 01:36:27.752555,2014-11-04 01:37:56.100722,00:01:28.348167,88.348167
PERF.THRUPUT.QS12.Q21,2014-11-04 01:37:22.290159,2014-11-04 01:38:08.368413,00:00:46.078254,46.078254
PERF.THRUPUT.QS15.Q2,2014-11-04 01:38:00.583378,2014-11-04 01:38:11.255899,00:00:10.672521,10.672521
PERF.THRUPUT.QS7.Q7,2014-11-04 01:37:46.542612,2014-11-04 01:38:12.23755,00:00:25.694938,25.694938
PERF.THRUPUT.QS14.Q8,2014-11-04 01:38:03.189901,2014-11-04 01:38:14.999889,00:00:11.809988,11.809988
PERF.THRUPUT.RFST4.RF1,2014-11-04 01:32:31.659943,2014-11-04 01:32:46.041338,00:00:14.381395,14.381395
PERF.THRUPUT.QS9.Q21,2014-11-04 01:32:01.737698,2014-11-04 01:32:46.507962,00:00:44.770264,44.770264
PERF.THRUPUT.QS11.Q20,2014-11-04 01:32:40.819404,2014-11-04 01:32:50.23196,00:00:09.412556,9.412556
PERF.THRUPUT.QS7.Q4,2014-11-04 01:32:44.558829,2014-11-04 01:32:54.493273,00:00:09.934444,9.934444
PERF.THRUPUT.QS16.Q16,2014-11-04 01:32:44.557754,2014-11-04 01:32:55.032051,00:00:10.474297,10.474297
PERF.THRUPUT.QS1.Q5,2014-11-04 01:32:45.334563,2014-11-04 01:32:59.022624,00:00:13.688061,13.688061
PERF.THRUPUT.QS13.Q1,2014-11-04 01:31:35.452103,2014-11-04 01:33:02.275688,00:01:26.823585,86.823585
PERF.THRUPUT.QS16.Q14,2014-11-04 01:32:55.04622,2014-11-04 01:33:02.37918,00:00:07.33296,7.33296
PERF.THRUPUT.QS11.Q16,2014-11-04 01:32:50.246438,2014-11-04 01:33:02.514513,00:00:12.268075,12.268075
PERF.THRUPUT.QS1.Q11,2014-11-04 01:32:59.036518,2014-11-04 01:33:03.547128,00:00:04.51061,4.51061
PERF.THRUPUT.QS11.Q11,2014-11-04 01:33:02.529228,2014-11-04 01:33:05.136706,00:00:02.607478,2.607478
PERF.THRUPUT.QS7.Q22,2014-11-04 01:32:54.50812,2014-11-04 01:33:07.417696,00:00:12.909576,12.909576
PERF.THRUPUT.QS7.Q17,2014-11-04 01:33:07.430174,2014-11-04 01:33:08.173619,00:00:00.743445,0.743445
PERF.THRUPUT.QS2.Q2,2014-11-04 01:33:04.022163,2014-11-04 01:33:13.808172,00:00:09.786009,9.786009
PERF.THRUPUT.QS16.Q22,2014-11-04 01:33:02.393031,2014-11-04 01:33:14.350893,00:00:11.957862,11.957862
PERF.THRUPUT.QS16.Q17,2014-11-04 01:33:14.364143,2014-11-04 01:33:15.032562,00:00:00.668419,0.668419
PERF.THRUPUT.RFST4.RF2,2014-11-04 01:32:46.051914,2014-11-04 01:33:18.060393,00:00:32.008479,32.008479
PERF.THRUPUT.QS16.Q20,2014-11-04 01:33:15.046245,2014-11-04 01:33:24.027647,00:00:08.981402,8.981402
PERF.THRUPUT.QS1.Q7,2014-11-04 01:33:03.559954,2014-11-04 01:33:27.505682,00:00:23.945728,23.945728
PERF.THRUPUT.QS15.Q6,2014-11-04 01:33:06.788511,2014-11-04 01:33:27.712001,00:00:20.92349,20.92349
PERF.THRUPUT.QS13.Q10,2014-11-04 01:33:02.290103,2014-11-04 01:33:27.729436,00:00:25.439333,25.439333
PERF.THRUPUT.RFST5.RF1,2014-11-04 01:33:18.085032,2014-11-04 01:33:30.346291,00:00:12.261259,12.261259
PERF.THRUPUT.QS16.Q4,2014-11-04 01:33:24.041991,2014-11-04 01:33:33.136043,00:00:09.094052,9.094052
PERF.THRUPUT.QS2.Q15,2014-11-04 01:33:13.821074,2014-11-04 01:33:33.29059,00:00:19.469516,19.469516
PERF.THRUPUT.QS5.Q14,2014-11-04 01:33:28.910027,2014-11-04 01:33:37.117999,00:00:08.207972,8.207972
PERF.THRUPUT.QS1.Q6,2014-11-04 01:33:27.536396,2014-11-04 01:33:42.636896,00:00:15.1005,15.1005
PERF.THRUPUT.QS2.Q8,2014-11-04 01:33:33.305273,2014-11-04 01:33:45.061971,00:00:11.756698,11.756698
PERF.THRUPUT.QS5.Q22,2014-11-04 01:33:37.132242,2014-11-04 01:33:49.070474,00:00:11.938232,11.938232
PERF.THRUPUT.QS1.Q20,2014-11-04 01:33:42.656053,2014-11-04 01:33:50.861778,00:00:08.205725,8.205725
PERF.THRUPUT.QS1.Q17,2014-11-04 01:33:50.876152,2014-11-04 01:33:51.725346,00:00:00.849194,0.849194
PERF.THRUPUT.QS13.Q12,2014-11-04 01:33:27.750001,2014-11-04 01:33:52.399088,00:00:24.649087,24.649087
PERF.THRUPUT.QS5.Q11,2014-11-04 01:33:49.087505,2014-11-04 01:33:53.093093,00:00:04.005588,4.005588
PERF.THRUPUT.QS12.Q22,2014-11-04 01:33:42.799737,2014-11-04 01:33:54.145417,00:00:11.34568,11.34568
PERF.THRUPUT.RFST5.RF2,2014-11-04 01:33:30.35693,2014-11-04 01:34:02.255629,00:00:31.898699,31.898699
PERF.THRUPUT.RFST5,2014-11-04 01:33:18.076741,2014-11-04 01:34:02.263966,00:00:44.187225,44.187225
PERF.THRUPUT.QS2.Q5,2014-11-04 01:33:45.076829,2014-11-04 01:34:02.26972,00:00:17.192891,17.192891
PERF.THRUPUT.QS13.Q22,2014-11-04 01:33:52.413216,2014-11-04 01:34:03.305435,00:00:10.892219,10.892219
PERF.THRUPUT.QS4.Q8,2014-11-04 01:34:00.444141,2014-11-04 01:34:10.012529,00:00:09.568388,9.568388
PERF.THRUPUT.QS2.Q22,2014-11-04 01:34:02.284929,2014-11-04 01:34:14.113896,00:00:11.828967,11.828967
PERF.THRUPUT.RFST6.RF1,2014-11-04 01:34:02.280649,2014-11-04 01:34:15.014061,00:00:12.733412,12.733412
PERF.THRUPUT.QS15.Q21,2014-11-04 01:33:27.750197,2014-11-04 01:34:16.540003,00:00:48.789806,48.789806
PERF.THRUPUT.QS12.Q12,2014-11-04 01:33:54.158616,2014-11-04 01:34:18.68959,00:00:24.530974,24.530974
PERF.THRUPUT.QS1.Q12,2014-11-04 01:33:51.740265,2014-11-04 01:34:18.713432,00:00:26.973167,26.973167
PERF.THRUPUT.QS9.Q18,2014-11-04 01:32:46.521754,2014-11-04 01:34:21.261224,00:01:34.73947,94.73947
PERF.THRUPUT.QS4.Q16,2014-11-04 01:34:10.048664,2014-11-04 01:34:22.277044,00:00:12.22838,12.22838
PERF.THRUPUT.QS5.Q13,2014-11-04 01:33:53.105893,2014-11-04 01:34:22.593008,00:00:29.487115,29.487115
PERF.THRUPUT.QS9.Q11,2014-11-04 01:34:21.275252,2014-11-04 01:34:24.238321,00:00:02.963069,2.963069
PERF.THRUPUT.QS4.Q11,2014-11-04 01:34:22.290811,2014-11-04 01:34:24.718275,00:00:02.427464,2.427464
PERF.THRUPUT.QS3.Q22,2014-11-04 01:34:18.35017,2014-11-04 01:34:29.07545,00:00:10.72528,10.72528
PERF.THRUPUT.QS1.Q16,2014-11-04 01:34:18.72663,2014-11-04 01:34:30.162045,00:00:11.435415,11.435415
PERF.THRUPUT.QS8.Q12,2014-11-04 01:34:05.970978,2014-11-04 01:34:31.92041,00:00:25.949432,25.949432
PERF.THRUPUT.QS11.Q1,2014-11-04 01:33:05.153427,2014-11-04 01:34:31.979808,00:01:26.826381,86.826381
PERF.THRUPUT.QS6.Q7,2014-11-04 01:34:06.915468,2014-11-04 01:34:33.405534,00:00:26.490066,26.490066
PERF.THRUPUT.QS12.Q6,2014-11-04 01:34:18.702787,2014-11-04 01:34:37.146227,00:00:18.44344,18.44344
PERF.THRUPUT.QS15.Q7,2014-11-04 01:34:16.554309,2014-11-04 01:34:37.643728,00:00:21.089419,21.089419
PERF.THRUPUT.QS7.Q1,2014-11-04 01:33:08.187297,2014-11-04 01:34:37.871615,00:01:29.684318,89.684318
PERF.THRUPUT.QS10.Q7,2014-11-04 01:34:12.189988,2014-11-04 01:34:38.130437,00:00:25.940449,25.940449
PERF.THRUPUT.QS2.Q12,2014-11-04 01:34:14.503604,2014-11-04 01:34:39.387739,00:00:24.884135,24.884135
PERF.THRUPUT.QS11.Q8,2014-11-04 01:34:31.99586,2014-11-04 01:34:44.317053,00:00:12.321193,12.321193
PERF.THRUPUT.QS10.Q2,2014-11-04 01:34:38.143793,2014-11-04 01:34:46.137905,00:00:07.994112,7.994112
PERF.THRUPUT.RFST6.RF2,2014-11-04 01:34:15.024001,2014-11-04 01:34:48.284448,00:00:33.260447,33.260447
PERF.THRUPUT.RFST6,2014-11-04 01:34:02.271802,2014-11-04 01:34:48.293122,00:00:46.02132,46.02132
PERF.THRUPUT.QS12.Q8,2014-11-04 01:34:37.161077,2014-11-04 01:34:48.893373,00:00:11.732296,11.732296
PERF.THRUPUT.QS9.Q10,2014-11-04 01:34:24.987187,2014-11-04 01:34:50.400495,00:00:25.413308,25.413308
PERF.THRUPUT.QS11.Q4,2014-11-04 01:34:44.330464,2014-11-04 01:34:54.633956,00:00:10.303492,10.303492
PERF.THRUPUT.QS5.Q3,2014-11-04 01:34:22.606229,2014-11-04 01:34:56.202556,00:00:33.596327,33.596327
PERF.THRUPUT.QS16.Q9,2014-11-04 01:33:33.148811,2014-11-04 01:35:27.479853,00:01:54.331042,114.331042
PERF.THRUPUT.QS13.Q9,2014-11-04 01:34:03.320432,2014-11-04 01:35:56.396903,00:01:53.076471,113.076471
PERF.THRUPUT.QS5.Q1,2014-11-04 01:34:56.218051,2014-11-04 01:36:23.302718,00:01:27.084667,87.084667
PERF.THRUPUT.QS7.Q9,2014-11-04 01:34:41.159947,2014-11-04 01:36:28.489752,00:01:47.329805,107.329805
PERF.THRUPUT.QS15.Q13,2014-11-04 01:37:29.265997,2014-11-04 01:37:59.877197,00:00:30.6112,30.6112
PERF.THRUPUT.QS14.Q14,2014-11-04 01:37:55.421411,2014-11-04 01:38:02.543017,00:00:07.121606,7.121606
PERF.THRUPUT.RFST11.RF1,2014-11-04 01:37:58.656214,2014-11-04 01:38:09.708038,00:00:11.051824,11.051824
PERF.THRUPUT.QS1.Q9,2014-11-04 01:36:17.377166,2014-11-04 01:38:09.740488,00:01:52.363322,112.363322
PERF.THRUPUT.QS3.Q19,2014-11-04 01:38:15.689237,2014-11-04 01:38:16.371472,00:00:00.682235,0.682235
PERF.THRUPUT.QS15.Q4,2014-11-04 01:38:11.269828,2014-11-04 01:38:20.581165,00:00:09.311337,9.311337
PERF.THRUPUT.QS1.Q22,2014-11-04 01:38:09.754423,2014-11-04 01:38:21.416637,00:00:11.662214,11.662214
PERF.THRUPUT.QS4.Q13,2014-11-04 01:37:56.116526,2014-11-04 01:38:25.481018,00:00:29.364492,29.364492
PERF.THRUPUT.QS14.Q22,2014-11-04 01:38:15.013418,2014-11-04 01:38:27.041372,00:00:12.027954,12.027954
PERF.THRUPUT.QS6.Q5,2014-11-04 01:38:16.598422,2014-11-04 01:38:30.54474,00:00:13.946318,13.946318
PERF.THRUPUT.QS14.Q11,2014-11-04 01:38:27.054704,2014-11-04 01:38:32.357031,00:00:05.302327,5.302327
PERF.THRUPUT.QS7.Q10,2014-11-04 01:38:12.251038,2014-11-04 01:38:36.78019,00:00:24.529152,24.529152
PERF.THRUPUT.QS6.Q16,2014-11-04 01:38:30.558778,2014-11-04 01:38:40.359589,00:00:09.800811,9.800811
PERF.THRUPUT.QS4.Q7,2014-11-04 01:38:25.495379,2014-11-04 01:38:46.382829,00:00:20.88745,20.88745
PERF.THRUPUT.RFST11.RF2,2014-11-04 01:38:09.718205,2014-11-04 01:38:47.007421,00:00:37.289216,37.289216
PERF.THRUPUT.RFST11,2014-11-04 01:37:58.648302,2014-11-04 01:38:47.016556,00:00:48.368254,48.368254
PERF.THRUPUT.QS7.Q16,2014-11-04 01:38:36.79444,2014-11-04 01:38:47.665604,00:00:10.871164,10.871164
PERF.THRUPUT.QS3.Q13,2014-11-04 01:38:16.384068,2014-11-04 01:38:47.728983,00:00:31.344915,31.344915
PERF.THRUPUT.QS6.Q2,2014-11-04 01:38:40.373322,2014-11-04 01:38:49.739052,00:00:09.36573,9.36573
PERF.THRUPUT.QS16.Q13,2014-11-04 01:38:16.577013,2014-11-04 01:38:50.620524,00:00:34.043511,34.043511
PERF.THRUPUT.RFST12,2014-11-04 01:38:47.024657,2014-11-04 01:39:36.210038,00:00:49.185381,49.185381
PERF.THRUPUT.QS5.Q9,2014-11-04 01:38:00.91563,2014-11-04 01:39:47.855913,00:01:46.940283,106.940283
PERF.THRUPUT.QS15.Q18,2014-11-04 01:38:20.595669,2014-11-04 01:39:49.382176,00:01:28.786507,88.786507
PERF.THRUPUT.QS1.Q1,2014-11-04 01:38:21.429567,2014-11-04 01:39:50.688421,00:01:29.258854,89.258854
PERF.THRUPUT.QS14.Q15,2014-11-04 01:35:34.95755,2014-11-04 01:35:55.809207,00:00:20.851657,20.851657
PERF.THRUPUT.QS1.Q2,2014-11-04 01:35:44.797384,2014-11-04 01:35:56.87821,00:00:12.080826,12.080826
PERF.THRUPUT.QS15.Q20,2014-11-04 01:35:53.221042,2014-11-04 01:36:02.684196,00:00:09.463154,9.463154
PERF.THRUPUT.QS8.Q16,2014-11-04 01:35:53.778304,2014-11-04 01:36:04.575488,00:00:10.797184,10.797184
PERF.THRUPUT.QS14.Q16,2014-11-04 01:35:55.824124,2014-11-04 01:36:05.510602,00:00:09.686478,9.686478
PERF.THRUPUT.QS13.Q16,2014-11-04 01:35:56.410251,2014-11-04 01:36:05.561878,00:00:09.151627,9.151627
PERF.THRUPUT.QS14.Q17,2014-11-04 01:36:05.523288,2014-11-04 01:36:06.215302,00:00:00.692014,0.692014
PERF.THRUPUT.QS1.Q8,2014-11-04 01:35:56.891586,2014-11-04 01:36:08.76607,00:00:11.874484,11.874484
PERF.THRUPUT.QS16.Q15,2014-11-04 01:35:55.012815,2014-11-04 01:36:14.150735,00:00:19.13792,19.13792
PERF.THRUPUT.QS1.Q14,2014-11-04 01:36:08.780781,2014-11-04 01:36:16.657614,00:00:07.876833,7.876833
PERF.THRUPUT.QS1.Q19,2014-11-04 01:36:16.67126,2014-11-04 01:36:17.362794,00:00:00.691534,0.691534
PERF.THRUPUT.QS8.Q6,2014-11-04 01:36:04.588309,2014-11-04 01:36:21.569221,00:00:16.980912,16.980912
PERF.THRUPUT.QS13.Q6,2014-11-04 01:36:05.575553,2014-11-04 01:36:21.569347,00:00:15.993794,15.993794
PERF.THRUPUT.QS13.Q11,2014-11-04 01:36:21.586531,2014-11-04 01:36:25.05884,00:00:03.472309,3.472309
PERF.THRUPUT.QS16.Q8,2014-11-04 01:36:14.166574,2014-11-04 01:36:25.796101,00:00:11.629527,11.629527
PERF.THRUPUT.RFST8.RF2,2014-11-04 01:35:52.954152,2014-11-04 01:36:26.088736,00:00:33.134584,33.134584
PERF.THRUPUT.RFST8,2014-11-04 01:35:40.933649,2014-11-04 01:36:26.099456,00:00:45.165807,45.165807
PERF.THRUPUT.QS14.Q7,2014-11-04 01:36:06.230295,2014-11-04 01:36:27.427788,00:00:21.197493,21.197493
PERF.THRUPUT.QS4.Q18,2014-11-04 01:34:58.623937,2014-11-04 01:36:27.738161,00:01:29.114224,89.114224
PERF.THRUPUT.QS3.Q9,2014-11-04 01:34:36.859255,2014-11-04 01:36:27.862442,00:01:51.003187,111.003187
PERF.THRUPUT.QS7.Q19,2014-11-04 01:36:28.504262,2014-11-04 01:36:29.33215,00:00:00.827888,0.827888
PERF.THRUPUT.QS8.Q22,2014-11-04 01:36:21.585748,2014-11-04 01:36:32.565373,00:00:10.979625,10.979625
PERF.THRUPUT.QS5.Q2,2014-11-04 01:36:23.316162,2014-11-04 01:36:34.878659,00:00:11.562497,11.562497
PERF.THRUPUT.QS13.Q2,2014-11-04 01:36:25.071126,2014-11-04 01:36:35.662688,00:00:10.591562,10.591562
PERF.THRUPUT.QS12.Q11,2014-11-04 01:36:36.543869,2014-11-04 01:36:40.145623,00:00:03.601754,3.601754
PERF.THRUPUT.RFST9.RF1,2014-11-04 01:36:26.118965,2014-11-04 01:36:40.768094,00:00:14.649129,14.649129
PERF.THRUPUT.QS13.Q4,2014-11-04 01:36:35.677127,2014-11-04 01:36:46.990241,00:00:11.313114,11.313114
PERF.THRUPUT.QS5.Q5,2014-11-04 01:36:34.892235,2014-11-04 01:36:47.415998,00:00:12.523763,12.523763
PERF.THRUPUT.QS6.Q12,2014-11-04 01:36:25.531182,2014-11-04 01:36:48.116149,00:00:22.584967,22.584967
PERF.THRUPUT.QS16.Q12,2014-11-04 01:36:25.81003,2014-11-04 01:36:48.152761,00:00:22.342731,22.342731
PERF.THRUPUT.QS12.Q4,2014-11-04 01:36:40.171754,2014-11-04 01:36:48.384065,00:00:08.212311,8.212311
PERF.THRUPUT.QS16.Q19,2014-11-04 01:36:48.166014,2014-11-04 01:36:48.831464,00:00:00.66545,0.66545
PERF.THRUPUT.QS10.Q10,2014-11-04 01:36:29.152883,2014-11-04 01:36:50.00774,00:00:20.854857,20.854857
PERF.THRUPUT.QS3.Q10,2014-11-04 01:36:27.876464,2014-11-04 01:36:51.222653,00:00:23.346189,23.346189
PERF.THRUPUT.QS8.Q10,2014-11-04 01:36:32.578441,2014-11-04 01:36:52.209283,00:00:19.630842,19.630842
PERF.THRUPUT.QS10.Q14,2014-11-04 01:36:50.023542,2014-11-04 01:36:57.783528,00:00:07.759986,7.759986
PERF.THRUPUT.QS5.Q8,2014-11-04 01:36:47.429589,2014-11-04 01:36:59.385154,00:00:11.955565,11.955565
PERF.THRUPUT.QS12.Q2,2014-11-04 01:36:48.397504,2014-11-04 01:36:59.425638,00:00:11.028134,11.028134
PERF.THRUPUT.QS13.Q5,2014-11-04 01:36:47.005879,2014-11-04 01:37:00.896866,00:00:13.890987,13.890987
PERF.THRUPUT.QS7.Q3,2014-11-04 01:36:29.343907,2014-11-04 01:37:04.302662,00:00:34.958755,34.958755
PERF.THRUPUT.QS13.Q14,2014-11-04 01:37:00.910718,2014-11-04 01:37:08.09541,00:00:07.184692,7.184692
PERF.THRUPUT.QS5.Q20,2014-11-04 01:36:59.399135,2014-11-04 01:37:08.703712,00:00:09.304577,9.304577
PERF.THRUPUT.QS3.Q15,2014-11-04 01:36:51.264521,2014-11-04 01:37:09.831293,00:00:18.566772,18.566772
PERF.THRUPUT.QS14.Q21,2014-11-04 01:36:27.441543,2014-11-04 01:37:10.950574,00:00:43.509031,43.509031
PERF.THRUPUT.QS12.Q5,2014-11-04 01:36:59.438364,2014-11-04 01:37:12.804479,00:00:13.366115,13.366115
PERF.THRUPUT.RFST9.RF2,2014-11-04 01:36:40.779987,2014-11-04 01:37:13.268617,00:00:32.48863,32.48863
PERF.THRUPUT.RFST9,2014-11-04 01:36:26.108596,2014-11-04 01:37:13.27724,00:00:47.168644,47.168644
PERF.THRUPUT.QS3.Q11,2014-11-04 01:37:09.844609,2014-11-04 01:37:13.878371,00:00:04.033762,4.033762
PERF.THRUPUT.QS13.Q8,2014-11-04 01:37:08.109532,2014-11-04 01:37:18.517848,00:00:10.408316,10.408316
PERF.THRUPUT.QS9.Q7,2014-11-04 01:36:58.138143,2014-11-04 01:37:18.612264,00:00:20.474121,20.474121
PERF.THRUPUT.QS8.Q13,2014-11-04 01:36:52.223106,2014-11-04 01:37:21.721444,00:00:29.498338,29.498338
PERF.THRUPUT.QS3.Q20,2014-11-04 01:37:13.892113,2014-11-04 01:37:21.934519,00:00:08.042406,8.042406
PERF.THRUPUT.QS12.Q20,2014-11-04 01:37:12.817969,2014-11-04 01:37:22.266923,00:00:09.448954,9.448954
PERF.THRUPUT.RFST10.RF1,2014-11-04 01:37:13.291987,2014-11-04 01:37:25.410628,00:00:12.118641,12.118641
PERF.THRUPUT.QS13.Q20,2014-11-04 01:37:18.5305,2014-11-04 01:37:27.246105,00:00:08.715605,8.715605
PERF.THRUPUT.QS15.Q1,2014-11-04 01:36:02.699852,2014-11-04 01:37:29.252979,00:01:26.553127,86.553127
PERF.THRUPUT.QS8.Q2,2014-11-04 01:37:21.750666,2014-11-04 01:37:31.358084,00:00:09.607418,9.607418
PERF.THRUPUT.QS3.Q2,2014-11-04 01:37:21.956882,2014-11-04 01:37:31.364881,00:00:09.407999,9.407999
PERF.THRUPUT.QS7.Q13,2014-11-04 01:37:04.316954,2014-11-04 01:37:33.582314,00:00:29.26536,29.26536
PERF.THRUPUT.QS5.Q12,2014-11-04 01:37:08.717078,2014-11-04 01:37:35.456049,00:00:26.738971,26.738971
PERF.THRUPUT.QS5.Q17,2014-11-04 01:37:35.468865,2014-11-04 01:37:36.136618,00:00:00.667753,0.667753
PERF.THRUPUT.QS9.Q12,2014-11-04 01:37:18.624296,2014-11-04 01:37:43.555457,00:00:24.931161,24.931161
PERF.THRUPUT.QS11.Q9,2014-11-04 01:36:16.90338,2014-11-04 01:38:10.670766,00:01:53.767386,113.767386
PERF.THRUPUT.QS16.Q18,2014-11-04 01:36:48.843775,2014-11-04 01:38:16.564983,00:01:27.721208,87.721208
PERF.THRUPUT.QS6.Q1,2014-11-04 01:36:48.128814,2014-11-04 01:38:16.584886,00:01:28.456072,88.456072
PERF.THRUPUT.QS8.Q21,2014-11-04 01:37:31.372106,2014-11-04 01:38:19.038809,00:00:47.666703,47.666703
PERF.THRUPUT.QS2.Q1,2014-11-04 01:37:18.096541,2014-11-04 01:38:46.616129,00:01:28.519588,88.519588
PERF.THRUPUT.QS10.Q9,2014-11-04 01:36:57.798778,2014-11-04 01:38:49.986955,00:01:52.188177,112.188177
PERF.THRUPUT.QS12.Q13,2014-11-04 01:38:08.391785,2014-11-04 01:38:52.371306,00:00:43.979521,43.979521
PERF.THRUPUT.QS11.Q21,2014-11-04 01:38:10.684721,2014-11-04 01:38:53.187706,00:00:42.502985,42.502985
PERF.THRUPUT.QS14.Q10,2014-11-04 01:38:32.370682,2014-11-04 01:38:55.607029,00:00:23.236347,23.236347
PERF.THRUPUT.QS2.Q4,2014-11-04 01:38:46.629979,2014-11-04 01:38:56.57016,00:00:09.940181,9.940181
PERF.THRUPUT.QS4.Q22,2014-11-04 01:38:46.397529,2014-11-04 01:38:56.597308,00:00:10.199779,10.199779
PERF.THRUPUT.QS3.Q16,2014-11-04 01:38:47.74471,2014-11-04 01:38:57.707104,00:00:09.962394,9.962394
PERF.THRUPUT.QS6.Q14,2014-11-04 01:38:49.753031,2014-11-04 01:38:57.858019,00:00:08.104988,8.104988
PERF.THRUPUT.RFST12.RF1,2014-11-04 01:38:47.036175,2014-11-04 01:38:58.516813,00:00:11.480638,11.480638
PERF.THRUPUT.QS6.Q19,2014-11-04 01:38:57.874676,2014-11-04 01:38:58.622731,00:00:00.748055,0.748055
PERF.THRUPUT.QS11.Q2,2014-11-04 01:38:53.202108,2014-11-04 01:39:04.212146,00:00:11.010038,11.010038
PERF.THRUPUT.QS7.Q6,2014-11-04 01:38:47.679428,2014-11-04 01:39:05.475019,00:00:17.795591,17.795591
PERF.THRUPUT.QS2.Q20,2014-11-04 01:38:56.588807,2014-11-04 01:39:06.548641,00:00:09.959834,9.959834
PERF.THRUPUT.QS6.Q20,2014-11-04 01:38:58.635395,2014-11-04 01:39:07.390712,00:00:08.755317,8.755317
PERF.THRUPUT.QS6.Q17,2014-11-04 01:39:07.405821,2014-11-04 01:39:08.054362,00:00:00.648541,0.648541
PERF.THRUPUT.QS16.Q7,2014-11-04 01:38:50.635314,2014-11-04 01:39:11.390789,00:00:20.755475,20.755475
PERF.THRUPUT.QS7.Q14,2014-11-04 01:39:05.489332,2014-11-04 01:39:12.78934,00:00:07.300008,7.300008
PERF.THRUPUT.QS12.Q10,2014-11-04 01:38:52.386426,2014-11-04 01:39:17.730463,00:00:25.344037,25.344037
PERF.THRUPUT.QS12.Q19,2014-11-04 01:39:17.744271,2014-11-04 01:39:18.408768,00:00:00.664497,0.664497
PERF.THRUPUT.QS3.Q12,2014-11-04 01:38:57.734958,2014-11-04 01:39:20.133534,00:00:22.398576,22.398576
PERF.THRUPUT.QS10.Q3,2014-11-04 01:38:49.999923,2014-11-04 01:39:26.570606,00:00:36.570683,36.570683
PERF.THRUPUT.QS14.Q3,2014-11-04 01:38:55.629748,2014-11-04 01:39:28.668582,00:00:33.038834,33.038834
PERF.THRUPUT.QS4.Q3,2014-11-04 01:38:56.611646,2014-11-04 01:39:29.127766,00:00:32.51612,32.51612
PERF.THRUPUT.QS7.Q15,2014-11-04 01:39:12.806438,2014-11-04 01:39:31.674919,00:00:18.868481,18.868481
PERF.THRUPUT.QS11.Q13,2014-11-04 01:39:04.230029,2014-11-04 01:39:33.60117,00:00:29.371141,29.371141
PERF.THRUPUT.RFST12.RF2,2014-11-04 01:38:58.527874,2014-11-04 01:39:36.19966,00:00:37.671786,37.671786
PERF.THRUPUT.QS13.Q15,2014-11-04 01:39:18.044334,2014-11-04 01:39:37.18317,00:00:19.138836,19.138836
PERF.THRUPUT.QS13.Q19,2014-11-04 01:39:37.197161,2014-11-04 01:39:37.863178,00:00:00.666017,0.666017
PERF.THRUPUT.QS10.Q16,2014-11-04 01:39:26.584447,2014-11-04 01:39:38.048242,00:00:11.463795,11.463795
PERF.THRUPUT.QS4.Q20,2014-11-04 01:39:29.151593,2014-11-04 01:39:38.707435,00:00:09.555842,9.555842
PERF.THRUPUT.QS8.Q18,2014-11-04 01:38:19.051875,2014-11-04 01:39:39.135551,00:01:20.083676,80.083676
PERF.THRUPUT.QS2.Q3,2014-11-04 01:39:06.561573,2014-11-04 01:39:40.395112,00:00:33.833539,33.833539
PERF.THRUPUT.QS9.Q14,2014-11-04 01:39:33.079723,2014-11-04 01:39:40.55748,00:00:07.477757,7.477757
PERF.THRUPUT.QS8.Q11,2014-11-04 01:39:39.150503,2014-11-04 01:39:42.734719,00:00:03.584216,3.584216
PERF.THRUPUT.QS2.Q11,2014-11-04 01:39:40.411585,2014-11-04 01:39:43.096654,00:00:02.685069,2.685069
PERF.THRUPUT.QS10.Q20,2014-11-04 01:39:38.062272,2014-11-04 01:39:46.314432,00:00:08.25216,8.25216
PERF.THRUPUT.QS10.Q19,2014-11-04 01:39:46.341351,2014-11-04 01:39:47.032356,00:00:00.691005,0.691005
PERF.THRUPUT.RFST13.RF1,2014-11-04 01:39:36.229874,2014-11-04 01:39:47.336023,00:00:11.106149,11.106149
PERF.THRUPUT.QS10.Q11,2014-11-04 01:39:47.069239,2014-11-04 01:39:50.939123,00:00:03.869884,3.869884
PERF.THRUPUT.QS12.Q3,2014-11-04 01:39:18.421559,2014-11-04 01:39:51.719215,00:00:33.297656,33.297656
PERF.THRUPUT.QS14.Q12,2014-11-04 01:39:28.689507,2014-11-04 01:39:51.879527,00:00:23.19002,23.19002
PERF.THRUPUT.QS11.Q6,2014-11-04 01:39:33.614791,2014-11-04 01:39:51.883823,00:00:18.269032,18.269032
PERF.THRUPUT.QS11.Q19,2014-11-04 01:39:51.89853,2014-11-04 01:39:52.578027,00:00:00.679497,0.679497
PERF.THRUPUT.QS3.Q3,2014-11-04 01:39:20.146322,2014-11-04 01:39:52.691123,00:00:32.544801,32.544801
PERF.THRUPUT.QS6.Q21,2014-11-04 01:39:08.069979,2014-11-04 01:39:53.083228,00:00:45.013249,45.013249
PERF.THRUPUT.QS16.Q21,2014-11-04 01:39:11.40687,2014-11-04 01:39:53.086951,00:00:41.680081,41.680081
PERF.THRUPUT.QS16.ALL,2014-11-04 01:29:54.43767,2014-11-04 01:39:53.094075,00:09:58.656405,598.656405
PERF.THRUPUT.QS7.Q12,2014-11-04 01:39:31.691511,2014-11-04 01:39:56.37782,00:00:24.686309,24.686309
PERF.THRUPUT.QS9.Q5,2014-11-04 01:39:40.572146,2014-11-04 01:39:56.455555,00:00:15.883409,15.883409
PERF.THRUPUT.QS12.Q14,2014-11-04 01:39:51.734322,2014-11-04 01:39:59.130121,00:00:07.395799,7.395799
PERF.THRUPUT.QS10.Q4,2014-11-04 01:39:50.952344,2014-11-04 01:40:00.719456,00:00:09.767112,9.767112
PERF.THRUPUT.QS1.Q4,2014-11-04 01:39:50.701587,2014-11-04 01:40:00.718829,00:00:10.017242,10.017242
PERF.THRUPUT.QS9.Q16,2014-11-04 01:39:56.467207,2014-11-04 01:40:06.067013,00:00:09.599806,9.599806
PERF.THRUPUT.QS14.Q6,2014-11-04 01:39:51.894835,2014-11-04 01:40:07.556642,00:00:15.661807,15.661807
PERF.THRUPUT.QS11.Q7,2014-11-04 01:39:52.591767,2014-11-04 01:40:10.121866,00:00:17.530099,17.530099
PERF.THRUPUT.QS11.ALL,2014-11-04 01:29:54.424138,2014-11-04 01:40:10.128917,00:10:15.704779,615.704779
PERF.THRUPUT.QS10.Q8,2014-11-04 01:40:00.73514,2014-11-04 01:40:11.155306,00:00:10.420166,10.420166
PERF.THRUPUT.QS12.Q15,2014-11-04 01:39:59.143586,2014-11-04 01:40:16.024678,00:00:16.881092,16.881092
PERF.THRUPUT.QS12.ALL,2014-11-04 01:29:54.443588,2014-11-04 01:40:16.032593,00:10:21.589005,621.589005
PERF.THRUPUT.RFST13.RF2,2014-11-04 01:39:47.348023,2014-11-04 01:40:18.601854,00:00:31.253831,31.253831
PERF.THRUPUT.RFST13,2014-11-04 01:39:36.219684,2014-11-04 01:40:18.611089,00:00:42.391405,42.391405
PERF.THRUPUT.QS2.Q21,2014-11-04 01:39:43.114556,2014-11-04 01:40:22.369462,00:00:39.254906,39.254906
PERF.THRUPUT.QS2.ALL,2014-11-04 01:29:54.417255,2014-11-04 01:40:22.378467,00:10:27.961212,627.961212
PERF.THRUPUT.QS10.Q5,2014-11-04 01:40:11.16865,2014-11-04 01:40:22.756839,00:00:11.588189,11.588189
PERF.THRUPUT.RFST14.RF1,2014-11-04 01:40:18.627418,2014-11-04 01:40:28.174805,00:00:09.547387,9.547387
PERF.THRUPUT.RFST14.RF2,2014-11-04 01:40:28.191038,2014-11-04 01:40:57.030149,00:00:28.839111,28.839111
PERF.THRUPUT.RFST14,2014-11-04 01:40:18.619429,2014-11-04 01:40:57.042656,00:00:38.423227,38.423227
PERF.THRUPUT.RFST15.RF1,2014-11-04 01:40:57.065587,2014-11-04 01:41:06.360763,00:00:09.295176,9.295176
PERF.THRUPUT.RFST15.RF2,2014-11-04 01:41:06.374397,2014-11-04 01:41:36.228335,00:00:29.853938,29.853938
PERF.THRUPUT.RFST15,2014-11-04 01:40:57.053145,2014-11-04 01:41:36.241024,00:00:39.187879,39.187879
PERF.THRUPUT.RFST16.RF1,2014-11-04 01:41:36.262907,2014-11-04 01:41:46.155831,00:00:09.892924,9.892924
PERF.THRUPUT.RFST16.RF2,2014-11-04 01:41:46.172275,2014-11-04 01:42:16.886642,00:00:30.714367,30.714367
PERF.THRUPUT.RFST16,2014-11-04 01:41:36.251344,2014-11-04 01:42:16.899789,00:00:40.648445,40.648445
