ctime,schemaname,relname,seq_scan,seq_tup_read,idx_scan,idx_tup_fetch,n_tup_ins,n_tup_upd,n_tup_del,n_tup_hot_upd,n_live_tup,n_dead_tup,heap_blks_read,heap_blks_hit,idx_blks_read,idx_blks_hit,toast_blks_read,toast_blks_hit,tidx_blks_read,tidx_blks_hit
1415064593.89961,pg_catalog,pg_attrdef,0,0,0,0,0,0,0,0,0,0,0,0,0,0,0,0,0,0
1415064593.89961,pg_catalog,pg_db_role_setting,0,0,34220,0,0,0,0,0,0,0,0,0,977,33243,0,0,0,0
1415064593.89961,pg_catalog,pg_rowsecurity,0,0,0,0,0,0,0,0,0,0,0,0,0,0,,,,
1415064593.89961,pg_catalog,pg_description,0,0,734,0,0,0,0,0,0,0,0,0,215,1418,0,0,0,0
1415064593.89961,pg_catalog,pg_foreign_data_wrapper,0,0,0,0,0,0,0,0,0,0,0,0,0,0,,,,
1415064593.89961,pg_catalog,pg_conversion,0,0,0,0,0,0,0,0,0,0,0,0,0,0,,,,
1415064593.89961,information_schema,sql_features,0,0,,,0,0,0,0,0,0,0,0,,,0,0,0,0
1415064593.89961,public,orders,18,165105000,5200084,8618861,15015000,0,15000,0,15000000,15000,2142097,7620531,94523,15679174,,,,
1415064593.89961,pg_catalog,pg_class,6561,1787735,290097,276647,330,100,292,95,337,74,7732,334616,8307,592612,,,,
1415064593.89961,pg_catalog,pg_opfamily,0,0,0,0,0,0,0,0,0,0,0,0,0,0,,,,
1415064593.89961,pg_catalog,pg_auth_members,0,0,0,0,0,0,0,0,0,0,0,0,0,0,,,,
1415064593.89961,pg_catalog,pg_operator,0,0,46300,204299,0,0,0,0,0,0,9199,135961,6258,97472,,,,
1415064593.89961,information_schema,sql_packages,0,0,,,0,0,0,0,0,0,0,0,,,0,0,0,0
1415064593.89961,pg_catalog,pg_attribute,660,4500,197495,386923,1360,50,1182,27,2514,558,10579,213324,5107,405133,,,,
1415064593.89961,pg_catalog,pg_tablespace,2,4,5884,5884,0,0,0,0,0,0,789,5097,1592,10204,,,,
1415064593.89961,pg_catalog,pg_statistic,0,0,39861,35640,345,690,279,387,467,64,5246,33077,2613,84463,2872,10674,443,13343
1415064593.89961,pg_catalog,pg_aggregate,0,0,3082,3082,0,0,0,0,0,0,769,2313,1552,3943,,,,
1415064593.89961,pg_catalog,pg_inherits,0,0,165,0,0,0,0,0,0,0,0,0,73,92,,,,
1415064593.89961,information_schema,sql_sizing,0,0,,,0,0,0,0,0,0,0,0,,,0,0,0,0
1415064593.89961,pg_catalog,pg_enum,0,0,0,0,0,0,0,0,0,0,0,0,0,0,,,,
1415064593.89961,pg_toast,pg_toast_2396,0,0,0,0,0,0,0,0,0,0,0,0,0,0,,,,
1415064593.89961,public,lineitem,23,840102813,4215983,96207019,60045669,0,60340,0,59984981,60340,19140407,24664938,1115791,17484322,,,,
1415064593.89961,pg_catalog,pg_pltemplate,0,0,0,0,0,0,0,0,0,0,0,0,0,0,,,,
1415064593.89961,pg_toast,pg_toast_2618,0,0,2966,9484,0,0,0,0,0,0,1132,2451,404,4354,,,,
1415064593.89961,pg_toast,pg_toast_3596,0,0,0,0,0,0,0,0,0,0,0,0,0,0,,,,
1415064593.89961,pg_toast,pg_toast_11747,0,0,0,0,0,0,0,0,0,0,0,0,0,0,,,,
1415064593.89961,pg_toast,pg_toast_11727,0,0,0,0,0,0,0,0,0,0,0,0,0,0,,,,
1415064593.89961,pg_toast,pg_toast_2606,0,0,0,0,0,0,0,0,0,0,0,0,0,0,,,,
1415064593.89961,public,region,6363,31760,28,28,5,0,0,0,5,0,5,6377,10,29,,,,
1415064593.89961,pg_toast,pg_toast_2964,0,0,0,0,0,0,0,0,0,0,0,0,0,0,,,,
1415064593.89961,pg_catalog,pg_database,1776,6996,31754,31752,1,0,0,0,1,0,668,32861,4103,44745,,,,
1415064593.89961,information_schema,sql_parts,0,0,,,0,0,0,0,0,0,0,0,,,0,0,0,0
1415064593.89961,pg_toast,pg_toast_2620,0,0,0,0,0,0,0,0,0,0,0,0,0,0,,,,
1415064593.89961,pg_toast,pg_toast_11737,0,0,0,0,0,0,0,0,0,0,0,0,0,0,,,,
1415064593.89961,pg_catalog,pg_depend,0,0,7147,7662,1344,0,1254,0,6685,1255,946,8619,1621,18824,,,,
1415064593.89961,pg_catalog,pg_language,0,0,0,0,0,0,0,0,0,0,0,0,0,0,,,,
1415064593.89961,information_schema,sql_implementation_info,0,0,,,0,0,0,0,0,0,0,0,,,0,0,0,0
1415064593.89961,pg_catalog,pg_amproc,120,240,29479,45875,0,0,0,0,0,0,1069,28247,2937,64028,,,,
1415064593.89961,pg_catalog,pg_collation,0,0,0,0,0,0,0,0,0,0,0,0,0,0,,,,
1415064593.89961,pg_catalog,pg_range,0,0,1156,0,0,0,0,0,0,0,0,0,1322,990,,,,
1415064593.89961,pg_toast,pg_toast_2609,0,0,0,0,0,0,0,0,0,0,0,0,0,0,,,,
1415064593.89961,public,supplier,14,700000,3328386,3428352,100000,0,0,0,100000,0,11594,3350784,853,6674367,,,,
1415064593.89961,pg_catalog,pg_opclass,120,120,38220,435723,0,0,0,0,0,0,2254,167978,3231,46602,,,,
1415064593.89961,pg_toast,pg_toast_11752,0,0,0,0,0,0,0,0,0,0,0,0,0,0,,,,
1415064593.89961,pg_catalog,pg_rewrite,0,0,4645,4393,84,0,84,0,110,8,1344,3627,632,7318,1132,2451,808,8708
1415064593.89961,pg_toast,pg_toast_1255,0,0,0,0,0,0,0,0,0,0,0,0,0,0,,,,
1415064593.89961,pg_catalog,pg_seclabel,0,0,734,0,0,0,0,0,0,0,0,0,71,663,0,0,0,0
1415064593.89961,information_schema,sql_languages,0,0,,,0,0,0,0,0,0,0,0,,,0,0,0,0
1415064593.89961,pg_catalog,pg_ts_parser,0,0,0,0,0,0,0,0,0,0,0,0,0,0,,,,
1415064593.89961,pg_catalog,pg_trigger,0,0,0,0,0,0,0,0,0,0,0,0,0,0,0,0,0,0
1415064593.89961,pg_catalog,pg_shseclabel,0,0,0,0,0,0,0,0,0,0,0,0,0,0,,,,
1415064593.89961,pg_catalog,pg_event_trigger,0,0,365,0,0,0,0,0,0,0,0,0,70,295,,,,
1415064593.89961,pg_toast,pg_toast_11742,0,0,0,0,0,0,0,0,0,0,0,0,0,0,,,,
1415064593.89961,pg_catalog,pg_foreign_table,0,0,0,0,0,0,0,0,0,0,0,0,0,0,,,,
1415064593.89961,information_schema,sql_sizing_profiles,0,0,,,0,0,0,0,0,0,0,0,,,0,0,0,0
1415064593.89961,pg_catalog,pg_extension,0,0,0,0,0,0,0,0,0,0,0,0,0,0,,,,
1415064593.89961,public,time_statistics,26,400,,,30,26,0,26,30,26,4,79,,,,,,
1415064593.89961,pg_catalog,pg_ts_config,0,0,0,0,0,0,0,0,0,0,0,0,0,0,,,,
1415064593.89961,public,part,11,16000000,102,4346120,2000000,0,0,0,2000000,0,223228,410343,13258,850,,,,
1415064593.89961,pg_catalog,pg_shdescription,0,0,0,0,0,0,0,0,0,0,0,0,0,0,0,0,0,0
1415064593.89961,pg_catalog,pg_cast,0,0,200014,52977,0,0,0,0,0,0,1377,51600,1551,205675,,,,
1415064593.89961,pg_catalog,pg_amop,0,0,60092,83876,0,0,0,0,0,0,2892,80984,4811,125107,,,,
1415064593.89961,pg_catalog,pg_user_mapping,0,0,0,0,0,0,0,0,0,0,0,0,0,0,,,,
1415064593.89961,pg_catalog,pg_type,0,0,160651,159413,345,0,326,0,360,82,3438,157455,4082,327493,,,,
1415064593.89961,pg_catalog,pg_largeobject,0,0,0,0,0,0,0,0,0,0,0,0,0,0,,,,
1415064593.89961,pg_catalog,pg_ts_config_map,0,0,0,0,0,0,0,0,0,0,0,0,0,0,,,,
1415064593.89961,pg_catalog,pg_largeobject_metadata,0,0,0,0,0,0,0,0,0,0,0,0,0,0,,,,
1415064593.89961,pg_catalog,pg_am,8162,8162,0,0,0,0,0,0,0,0,919,7243,0,0,,,,
1415064593.89961,pg_toast,pg_toast_11722,0,0,0,0,0,0,0,0,0,0,0,0,0,0,,,,
1415064593.89961,pg_catalog,pg_ts_template,0,0,0,0,0,0,0,0,0,0,0,0,0,0,,,,
1415064593.89961,pg_catalog,pg_foreign_server,0,0,0,0,0,0,0,0,0,0,0,0,0,0,,,,
1415064593.89961,pg_catalog,pg_namespace,1514,15238,60436,53034,10,0,0,0,10,0,802,53772,2006,67300,,,,
1415064593.89961,public,partsupp,8,40000000,56157,2354702,8000000,0,0,0,8000000,0,856159,3054654,38657,136578,,,,
1415064593.89961,pg_toast,pg_toast_2619,0,0,7979,25966,813,0,562,0,261,14,2872,10674,443,13343,,,,
1415064593.89961,public,nation,33,325,25517,25541,25,0,0,0,25,0,6,25526,14,25530,,,,
1415064593.89961,pg_catalog,pg_authid,623,623,14834,14834,0,0,0,0,0,0,785,14672,3160,26508,,,,
1415064593.89961,pg_catalog,pg_default_acl,0,0,700,0,0,0,0,0,0,0,0,0,67,633,,,,
1415064593.89961,pg_catalog,pg_shdepend,0,0,911,184,0,0,0,0,0,0,69,115,280,969,,,,
1415064593.89961,pg_catalog,pg_constraint,0,0,72,32,40,0,32,0,10,32,22,205,40,384,0,0,0,0
1415064593.89961,pg_catalog,pg_index,3356,416587,71035,100616,155,0,127,0,143,34,3479,88986,3418,81109,,,,
1415064593.89961,pg_catalog,pg_ts_dict,0,0,0,0,0,0,0,0,0,0,0,0,0,0,,,,
1415064593.89961,pg_toast,pg_toast_2604,0,0,0,0,0,0,0,0,0,0,0,0,0,0,,,,
1415064593.89961,public,customer,16,15000000,105,1472281,1500000,0,0,0,1500000,0,196675,704117,4455,321,,,,
1415064593.89961,pg_toast,pg_toast_11732,0,0,0,0,0,0,0,0,0,0,0,0,0,0,,,,
1415064593.89961,pg_catalog,pg_proc,0,0,81124,118945,0,0,0,0,0,0,10463,83943,8899,167448,0,0,0,0
1415064653.90992,pg_catalog,pg_attrdef,0,0,0,0,0,0,0,0,0,0,0,0,0,0,0,0,0,0
1415064653.90992,pg_catalog,pg_db_role_setting,0,0,36220,0,0,0,0,0,0,0,0,0,979,35241,0,0,0,0
1415064653.90992,pg_catalog,pg_rowsecurity,0,0,0,0,0,0,0,0,0,0,0,0,0,0,,,,
1415064653.90992,pg_catalog,pg_description,0,0,802,0,0,0,0,0,0,0,0,0,224,1562,0,0,0,0
1415064653.90992,pg_catalog,pg_foreign_data_wrapper,0,0,0,0,0,0,0,0,0,0,0,0,0,0,,,,
1415064653.90992,pg_catalog,pg_conversion,0,0,0,0,0,0,0,0,0,0,0,0,0,0,,,,
1415064653.90992,information_schema,sql_features,0,0,,,0,0,0,0,0,0,0,0,,,0,0,0,0
1415064653.90992,public,orders,115,195120000,10549034,19647594,15030000,0,30000,0,15000000,30000,3020086,13576738,154405,31847123,,,,
1415064653.90992,pg_catalog,pg_class,6581,1790459,303660,288896,348,116,310,111,337,105,7759,347091,8330,620755,,,,
1415064653.90992,pg_catalog,pg_opfamily,0,0,0,0,0,0,0,0,0,0,0,0,0,0,,,,
1415064653.90992,pg_catalog,pg_auth_members,0,0,0,0,0,0,0,0,0,0,0,0,0,0,,,,
1415064653.90992,pg_catalog,pg_operator,0,0,52720,230098,0,0,0,0,0,0,9228,154765,6281,111132,,,,
1415064653.90992,information_schema,sql_packages,0,0,,,0,0,0,0,0,0,0,0,,,0,0,0,0
1415064653.90992,pg_catalog,pg_attribute,671,4575,209915,415526,1400,50,1222,27,2115,11,10658,226486,5156,430633,,,,
1415064653.90992,pg_catalog,pg_tablespace,2,4,6297,6297,0,0,0,0,0,0,793,5506,1601,11023,,,,
1415064653.90992,pg_catalog,pg_statistic,0,0,44149,39907,346,730,280,427,467,88,5292,37345,2622,93422,2959,15964,449,20929
1415064653.90992,pg_catalog,pg_aggregate,0,0,3560,3560,0,0,0,0,0,0,773,2787,1560,4770,,,,
1415064653.90992,pg_catalog,pg_inherits,0,0,182,0,0,0,0,0,0,0,0,0,76,106,,,,
1415064653.90992,information_schema,sql_sizing,0,0,,,0,0,0,0,0,0,0,0,,,0,0,0,0
1415064653.90992,pg_catalog,pg_enum,0,0,0,0,0,0,0,0,0,0,0,0,0,0,,,,
1415064653.90992,pg_toast,pg_toast_2396,0,0,0,0,0,0,0,0,0,0,0,0,0,0,,,,
1415064653.90992,public,lineitem,83,900148416,10046699,273186056,60105943,0,120391,0,59985204,120391,24073582,38744436,1989548,41856702,,,,
1415064653.90992,pg_catalog,pg_pltemplate,0,0,0,0,0,0,0,0,0,0,0,0,0,0,,,,
1415064653.90992,pg_toast,pg_toast_2618,0,0,2970,9498,0,0,0,0,0,0,1136,2452,404,4360,,,,
1415064653.90992,pg_toast,pg_toast_3596,0,0,0,0,0,0,0,0,0,0,0,0,0,0,,,,
1415064653.90992,pg_toast,pg_toast_11747,0,0,0,0,0,0,0,0,0,0,0,0,0,0,,,,
1415064653.90992,pg_toast,pg_toast_11727,0,0,0,0,0,0,0,0,0,0,0,0,0,0,,,,
1415064653.90992,pg_toast,pg_toast_2606,0,0,0,0,0,0,0,0,0,0,0,0,0,0,,,,
1415064653.90992,public,region,19230,95795,160,160,5,0,0,0,5,0,6,19315,14,206,,,,
1415064653.90992,pg_toast,pg_toast_2964,0,0,0,0,0,0,0,0,0,0,0,0,0,0,,,,
1415064653.90992,pg_catalog,pg_database,1780,7006,33270,33268,1,0,0,0,1,0,669,34380,4117,47246,,,,
1415064653.90992,information_schema,sql_parts,0,0,,,0,0,0,0,0,0,0,0,,,0,0,0,0
1415064653.90992,pg_toast,pg_toast_2620,0,0,0,0,0,0,0,0,0,0,0,0,0,0,,,,
1415064653.90992,pg_toast,pg_toast_11737,0,0,0,0,0,0,0,0,0,0,0,0,0,0,,,,
1415064653.90992,pg_catalog,pg_depend,0,0,7880,8518,1492,0,1402,0,6004,31,984,9587,1746,20940,,,,
1415064653.90992,pg_catalog,pg_language,0,0,0,0,0,0,0,0,0,0,0,0,0,0,,,,
1415064653.90992,information_schema,sql_implementation_info,0,0,,,0,0,0,0,0,0,0,0,,,0,0,0,0
1415064653.90992,pg_catalog,pg_amproc,122,244,32247,50331,0,0,0,0,0,0,1072,31007,2942,70018,,,,
1415064653.90992,pg_catalog,pg_collation,0,0,0,0,0,0,0,0,0,0,0,0,0,0,,,,
1415064653.90992,pg_catalog,pg_range,0,0,1201,0,0,0,0,0,0,0,0,0,1334,1068,,,,
1415064653.90992,pg_toast,pg_toast_2609,0,0,0,0,0,0,0,0,0,0,0,0,0,0,,,,
1415064653.90992,public,supplier,65,1100000,3429114,3643109,100000,0,0,0,100000,0,13772,3466179,1169,6876843,,,,
1415064653.90992,pg_catalog,pg_opclass,122,122,42839,492672,0,0,0,0,0,0,2257,190588,3239,51981,,,,
1415064653.90992,pg_toast,pg_toast_11752,0,0,0,0,0,0,0,0,0,0,0,0,0,0,,,,
1415064653.90992,pg_catalog,pg_rewrite,0,0,4746,4446,100,0,100,0,110,24,1374,3744,640,7478,1136,2452,808,8720
1415064653.90992,pg_toast,pg_toast_1255,0,0,0,0,0,0,0,0,0,0,0,0,0,0,,,,
1415064653.90992,pg_catalog,pg_seclabel,0,0,802,0,0,0,0,0,0,0,0,0,74,728,0,0,0,0
1415064653.90992,information_schema,sql_languages,0,0,,,0,0,0,0,0,0,0,0,,,0,0,0,0
1415064653.90992,pg_catalog,pg_ts_parser,0,0,0,0,0,0,0,0,0,0,0,0,0,0,,,,
1415064653.90992,pg_catalog,pg_trigger,0,0,0,0,0,0,0,0,0,0,0,0,0,0,0,0,0,0
1415064653.90992,pg_catalog,pg_shseclabel,0,0,0,0,0,0,0,0,0,0,0,0,0,0,,,,
1415064653.90992,pg_catalog,pg_event_trigger,0,0,382,0,0,0,0,0,0,0,0,0,72,310,,,,
1415064653.90992,pg_toast,pg_toast_11742,0,0,0,0,0,0,0,0,0,0,0,0,0,0,,,,
1415064653.90992,pg_catalog,pg_foreign_table,0,0,0,0,0,0,0,0,0,0,0,0,0,0,,,,
1415064653.90992,information_schema,sql_sizing_profiles,0,0,,,0,0,0,0,0,0,0,0,,,0,0,0,0
1415064653.90992,pg_catalog,pg_extension,0,0,0,0,0,0,0,0,0,0,0,0,0,0,,,,
1415064653.90992,public,time_statistics,55,2601,,,91,55,0,55,91,29,7,196,,,,,,
1415064653.90992,pg_catalog,pg_ts_config,0,0,0,0,0,0,0,0,0,0,0,0,0,0,,,,
1415064653.90992,public,part,44,20000000,582,9039914,2000000,0,0,0,2000000,0,480789,445365,28661,3988,,,,
1415064653.90992,pg_catalog,pg_shdescription,0,0,0,0,0,0,0,0,0,0,0,0,0,0,0,0,0,0
1415064653.90992,pg_catalog,pg_cast,0,0,220197,58428,0,0,0,0,0,0,1382,57046,1556,226304,,,,
1415064653.90992,pg_catalog,pg_amop,0,0,67496,94238,0,0,0,0,0,0,2902,91336,4828,140647,,,,
1415064653.90992,pg_catalog,pg_user_mapping,0,0,0,0,0,0,0,0,0,0,0,0,0,0,,,,
1415064653.90992,pg_catalog,pg_type,0,0,171927,170535,379,0,360,0,360,116,3467,168692,4109,350851,,,,
1415064653.90992,pg_catalog,pg_largeobject,0,0,0,0,0,0,0,0,0,0,0,0,0,0,,,,
1415064653.90992,pg_catalog,pg_ts_config_map,0,0,0,0,0,0,0,0,0,0,0,0,0,0,,,,
1415064653.90992,pg_catalog,pg_largeobject_metadata,0,0,0,0,0,0,0,0,0,0,0,0,0,0,,,,
1415064653.90992,pg_catalog,pg_am,8622,8622,0,0,0,0,0,0,0,0,922,7700,0,0,,,,
1415064653.90992,pg_toast,pg_toast_11722,0,0,0,0,0,0,0,0,0,0,0,0,0,0,,,,
1415064653.90992,pg_catalog,pg_ts_template,0,0,0,0,0,0,0,0,0,0,0,0,0,0,,,,
1415064653.90992,pg_catalog,pg_foreign_server,0,0,0,0,0,0,0,0,0,0,0,0,0,0,,,,
1415064653.90992,pg_catalog,pg_namespace,1516,15270,61791,53933,12,0,0,0,12,0,807,54673,2016,69121,,,,
1415064653.90992,public,partsupp,41,56000000,109482,5596160,8000000,0,0,0,8000000,0,1423382,6033912,78602,265902,,,,
1415064653.90992,pg_toast,pg_toast_2619,0,0,11591,38492,817,0,566,0,261,18,2959,15964,449,20929,,,,
1415064653.90992,public,nation,210,575,77403,77475,25,0,0,0,25,0,7,77421,16,77559,,,,
1415064653.90992,pg_catalog,pg_authid,626,626,15831,15831,0,0,0,0,0,0,787,15670,3176,28486,,,,
1415064653.90992,pg_catalog,pg_default_acl,0,0,768,0,0,0,0,0,0,0,0,0,69,699,,,,
1415064653.90992,pg_catalog,pg_shdepend,0,0,1008,205,0,0,0,0,0,0,72,133,294,1090,,,,
1415064653.90992,pg_catalog,pg_constraint,0,0,72,32,40,0,32,0,10,32,22,205,40,384,0,0,0,0
1415064653.90992,pg_catalog,pg_index,3368,417309,78999,112460,156,0,128,0,143,35,3491,100644,3427,89887,,,,
1415064653.90992,pg_catalog,pg_ts_dict,0,0,0,0,0,0,0,0,0,0,0,0,0,0,,,,
1415064653.90992,pg_toast,pg_toast_2604,0,0,0,0,0,0,0,0,0,0,0,0,0,0,,,,
1415064653.90992,public,customer,80,18000000,571,2672457,1500000,0,0,0,1500000,0,267190,1285673,7770,2323,,,,
1415064653.90992,pg_toast,pg_toast_11732,0,0,0,0,0,0,0,0,0,0,0,0,0,0,,,,
1415064653.90992,pg_catalog,pg_proc,0,0,86618,127780,0,0,0,0,0,0,10522,89680,8935,179302,0,0,0,0
1415064713.90921,pg_catalog,pg_attrdef,0,0,0,0,0,0,0,0,0,0,0,0,0,0,0,0,0,0
1415064713.90921,pg_catalog,pg_db_role_setting,0,0,36660,0,0,0,0,0,0,0,0,0,979,35681,0,0,0,0
1415064713.90921,pg_catalog,pg_rowsecurity,0,0,0,0,0,0,0,0,0,0,0,0,0,0,,,,
1415064713.90921,pg_catalog,pg_description,0,0,822,0,0,0,0,0,0,0,0,0,239,1592,0,0,0,0
1415064713.90921,pg_catalog,pg_foreign_data_wrapper,0,0,0,0,0,0,0,0,0,0,0,0,0,0,,,,
1415064713.90921,pg_catalog,pg_conversion,0,0,0,0,0,0,0,0,0,0,0,0,0,0,,,,
1415064713.90921,information_schema,sql_features,0,0,,,0,0,0,0,0,0,0,0,,,0,0,0,0
1415064713.90921,public,orders,127,375240000,12474939,22722148,15045000,0,45000,0,15000000,45000,3927414,18114499,160501,37767804,,,,
1415064713.90921,pg_catalog,pg_class,6608,1793526,305664,290723,354,120,316,115,337,108,7790,349137,8351,625005,,,,
1415064713.90921,pg_catalog,pg_opfamily,0,0,0,0,0,0,0,0,0,0,0,0,0,0,,,,
1415064713.90921,pg_catalog,pg_auth_members,0,0,0,0,0,0,0,0,0,0,0,0,0,0,,,,
1415064713.90921,pg_catalog,pg_operator,0,0,53405,234468,0,0,0,0,0,0,9231,157728,6298,112627,,,,
1415064713.90921,information_schema,sql_packages,0,0,,,0,0,0,0,0,0,0,0,,,0,0,0,0
1415064713.90921,pg_catalog,pg_attribute,682,4650,211572,419442,1416,50,1238,27,2115,27,10734,228386,5180,434101,,,,
1415064713.90921,pg_catalog,pg_tablespace,2,4,6368,6368,0,0,0,0,0,0,798,5572,1611,11155,,,,
1415064713.90921,pg_catalog,pg_statistic,0,0,44620,40367,347,770,281,460,467,116,5351,37811,2630,94442,3111,16285,454,21595
1415064713.90921,pg_catalog,pg_aggregate,0,0,3608,3608,0,0,0,0,0,0,776,2832,1569,4840,,,,
1415064713.90921,pg_catalog,pg_inherits,0,0,187,0,0,0,0,0,0,0,0,0,81,106,,,,
1415064713.90921,information_schema,sql_sizing,0,0,,,0,0,0,0,0,0,0,0,,,0,0,0,0
1415064713.90921,pg_catalog,pg_enum,0,0,0,0,0,0,0,0,0,0,0,0,0,0,,,,
1415064713.90921,pg_toast,pg_toast_2396,0,0,0,0,0,0,0,0,0,0,0,0,0,0,,,,
1415064713.90921,public,lineitem,93,1500182750,17074677,375020403,60165770,0,180117,0,59985305,180117,33146743,59903812,3341106,70406478,,,,
1415064713.90921,pg_catalog,pg_pltemplate,0,0,0,0,0,0,0,0,0,0,0,0,0,0,,,,
1415064713.90921,pg_toast,pg_toast_2618,0,0,2975,9514,0,0,0,0,0,0,1141,2453,406,4366,,,,
1415064713.90921,pg_toast,pg_toast_3596,0,0,0,0,0,0,0,0,0,0,0,0,0,0,,,,
1415064713.90921,pg_toast,pg_toast_11747,0,0,0,0,0,0,0,0,0,0,0,0,0,0,,,,
1415064713.90921,pg_toast,pg_toast_11727,0,0,0,0,0,0,0,0,0,0,0,0,0,0,,,,
1415064713.90921,pg_toast,pg_toast_2606,0,0,0,0,0,0,0,0,0,0,0,0,0,0,,,,
1415064713.90921,public,region,19231,95800,162,162,5,0,0,0,5,0,7,19317,16,207,,,,
1415064713.90921,pg_toast,pg_toast_2964,0,0,0,0,0,0,0,0,0,0,0,0,0,0,,,,
1415064713.90921,pg_catalog,pg_database,1783,7018,33623,33621,1,0,0,0,1,0,669,34736,4117,47819,,,,
1415064713.90921,information_schema,sql_parts,0,0,,,0,0,0,0,0,0,0,0,,,0,0,0,0
1415064713.90921,pg_toast,pg_toast_2620,0,0,0,0,0,0,0,0,0,0,0,0,0,0,,,,
1415064713.90921,pg_toast,pg_toast_11737,0,0,0,0,0,0,0,0,0,0,0,0,0,0,,,,
1415064713.90921,pg_catalog,pg_depend,0,0,8087,8750,1532,0,1442,0,6685,71,1106,9808,1846,21428,,,,
1415064713.90921,pg_catalog,pg_language,0,0,0,0,0,0,0,0,0,0,0,0,0,0,,,,
1415064713.90921,information_schema,sql_implementation_info,0,0,,,0,0,0,0,0,0,0,0,,,0,0,0,0
1415064713.90921,pg_catalog,pg_amproc,124,248,32646,50947,0,0,0,0,0,0,1074,31394,2942,70922,,,,
1415064713.90921,pg_catalog,pg_collation,0,0,0,0,0,0,0,0,0,0,0,0,0,0,,,,
1415064713.90921,pg_catalog,pg_range,0,0,1235,0,0,0,0,0,0,0,0,0,1352,1118,,,,
1415064713.90921,pg_toast,pg_toast_2609,0,0,0,0,0,0,0,0,0,0,0,0,0,0,,,,
1415064713.90921,public,supplier,69,1500000,3453326,3854840,100000,0,0,0,100000,0,13772,3508955,1225,6925905,,,,
1415064713.90921,pg_catalog,pg_opclass,124,124,43342,498123,0,0,0,0,0,0,2264,192742,3250,52609,,,,
1415064713.90921,pg_toast,pg_toast_11752,0,0,0,0,0,0,0,0,0,0,0,0,0,0,,,,
1415064713.90921,pg_catalog,pg_rewrite,0,0,4777,4465,104,0,104,0,110,28,1391,3765,660,7510,1141,2453,812,8732
1415064713.90921,pg_toast,pg_toast_1255,0,0,0,0,0,0,0,0,0,0,0,0,0,0,,,,
1415064713.90921,pg_catalog,pg_seclabel,0,0,822,0,0,0,0,0,0,0,0,0,79,743,0,0,0,0
1415064713.90921,information_schema,sql_languages,0,0,,,0,0,0,0,0,0,0,0,,,0,0,0,0
1415064713.90921,pg_catalog,pg_ts_parser,0,0,0,0,0,0,0,0,0,0,0,0,0,0,,,,
1415064713.90921,pg_catalog,pg_trigger,0,0,0,0,0,0,0,0,0,0,0,0,0,0,0,0,0,0
1415064713.90921,pg_catalog,pg_shseclabel,0,0,0,0,0,0,0,0,0,0,0,0,0,0,,,,
1415064713.90921,pg_catalog,pg_event_trigger,0,0,387,0,0,0,0,0,0,0,0,0,76,311,,,,
1415064713.90921,pg_toast,pg_toast_11742,0,0,0,0,0,0,0,0,0,0,0,0,0,0,,,,
1415064713.90921,pg_catalog,pg_foreign_table,0,0,0,0,0,0,0,0,0,0,0,0,0,0,,,,
1415064713.90921,information_schema,sql_sizing_profiles,0,0,,,0,0,0,0,0,0,0,0,,,0,0,0,0
1415064713.90921,pg_catalog,pg_extension,0,0,0,0,0,0,0,0,0,0,0,0,0,0,,,,
1415064713.90921,public,time_statistics,88,6131,,,124,88,0,74,124,62,21,367,,,,,,
1415064713.90921,pg_catalog,pg_ts_config,0,0,0,0,0,0,0,0,0,0,0,0,0,0,,,,
1415064713.90921,public,part,45,22000000,620,13069809,2000000,0,0,0,2000000,0,595495,480303,41047,4582,,,,
1415064713.90921,pg_catalog,pg_shdescription,0,0,0,0,0,0,0,0,0,0,0,0,0,0,0,0,0,0
1415064713.90921,pg_catalog,pg_cast,0,0,223624,59172,0,0,0,0,0,0,1388,57784,1556,229834,,,,
1415064713.90921,pg_catalog,pg_amop,0,0,68197,95312,0,0,0,0,0,0,2909,92403,4843,142139,,,,
1415064713.90921,pg_catalog,pg_user_mapping,0,0,0,0,0,0,0,0,0,0,0,0,0,0,,,,
1415064713.90921,pg_catalog,pg_type,0,0,174572,173152,389,0,370,0,360,126,3496,171325,4139,356282,,,,
1415064713.90921,pg_catalog,pg_largeobject,0,0,0,0,0,0,0,0,0,0,0,0,0,0,,,,
1415064713.90921,pg_catalog,pg_ts_config_map,0,0,0,0,0,0,0,0,0,0,0,0,0,0,,,,
1415064713.90921,pg_catalog,pg_largeobject_metadata,0,0,0,0,0,0,0,0,0,0,0,0,0,0,,,,
1415064713.90921,pg_catalog,pg_am,8729,8729,0,0,0,0,0,0,0,0,922,7807,0,0,,,,
1415064713.90921,pg_toast,pg_toast_11722,0,0,0,0,0,0,0,0,0,0,0,0,0,0,,,,
1415064713.90921,pg_catalog,pg_ts_template,0,0,0,0,0,0,0,0,0,0,0,0,0,0,,,,
1415064713.90921,pg_catalog,pg_foreign_server,0,0,0,0,0,0,0,0,0,0,0,0,0,0,,,,
1415064713.90921,pg_catalog,pg_namespace,1518,15306,62241,54279,12,0,0,0,12,0,807,55021,2025,69673,,,,
1415064713.90921,public,partsupp,41,56000000,153051,5770424,8000000,0,0,0,8000000,0,1463996,6041841,106667,369231,,,,
1415064713.90921,pg_toast,pg_toast_2619,0,0,11901,39530,825,0,574,0,261,26,3111,16285,454,21595,,,,
1415064713.90921,public,nation,224,925,77449,77521,25,0,0,0,25,0,10,77478,27,77603,,,,
1415064713.90921,pg_catalog,pg_authid,627,627,16048,16048,0,0,0,0,0,0,787,15888,3176,28920,,,,
1415064713.90921,pg_catalog,pg_default_acl,0,0,788,0,0,0,0,0,0,0,0,0,73,715,,,,
1415064713.90921,pg_catalog,pg_shdepend,0,0,1033,210,0,0,0,0,0,0,76,134,312,1107,,,,
1415064713.90921,pg_catalog,pg_constraint,0,0,72,32,40,0,32,0,10,32,22,205,40,384,0,0,0,0
1415064713.90921,pg_catalog,pg_index,3380,418031,79910,113773,157,0,129,0,143,36,3498,101952,3432,90939,,,,
1415064713.90921,pg_catalog,pg_ts_dict,0,0,0,0,0,0,0,0,0,0,0,0,0,0,,,,
1415064713.90921,pg_toast,pg_toast_2604,0,0,0,0,0,0,0,0,0,0,0,0,0,0,,,,
1415064713.90921,public,customer,87,28500000,626,4171720,1500000,0,0,0,1500000,0,519139,1567131,13270,2461,,,,
1415064713.90921,pg_toast,pg_toast_11732,0,0,0,0,0,0,0,0,0,0,0,0,0,0,,,,
1415064713.90921,pg_catalog,pg_proc,0,0,87450,128993,0,0,0,0,0,0,10619,90459,8968,181139,0,0,0,0
1415064773.91705,pg_catalog,pg_attrdef,0,0,0,0,0,0,0,0,0,0,0,0,0,0,0,0,0,0
1415064773.91705,pg_catalog,pg_db_role_setting,0,0,37168,0,0,0,0,0,0,0,0,0,981,36187,0,0,0,0
1415064773.91705,pg_catalog,pg_rowsecurity,0,0,0,0,0,0,0,0,0,0,0,0,0,0,,,,
1415064773.91705,pg_catalog,pg_description,0,0,826,0,0,0,0,0,0,0,0,0,242,1598,0,0,0,0
1415064773.91705,pg_catalog,pg_foreign_data_wrapper,0,0,0,0,0,0,0,0,0,0,0,0,0,0,,,,
1415064773.91705,pg_catalog,pg_conversion,0,0,0,0,0,0,0,0,0,0,0,0,0,0,,,,
1415064773.91705,information_schema,sql_features,0,0,,,0,0,0,0,0,0,0,0,,,0,0,0,0
1415064773.91705,public,orders,133,465330000,23204691,42583670,15075000,0,60000,0,15015000,60000,6635204,29355824,208744,70263815,,,,
1415064773.91705,pg_catalog,pg_class,6633,1796927,308008,292848,356,120,318,115,337,110,7829,351416,8391,629928,,,,
1415064773.91705,pg_catalog,pg_opfamily,0,0,0,0,0,0,0,0,0,0,0,0,0,0,,,,
1415064773.91705,pg_catalog,pg_auth_members,0,0,0,0,0,0,0,0,0,0,0,0,0,0,,,,
1415064773.91705,pg_catalog,pg_operator,0,0,54216,239807,0,0,0,0,0,0,9274,161319,6332,114391,,,,
1415064773.91705,information_schema,sql_packages,0,0,,,0,0,0,0,0,0,0,0,,,0,0,0,0
1415064773.91705,pg_catalog,pg_attribute,693,4725,213470,423842,1424,50,1246,27,2115,35,10845,230480,5207,438034,,,,
1415064773.91705,pg_catalog,pg_tablespace,2,4,6450,6450,0,0,0,0,0,0,802,5650,1619,11311,,,,
1415064773.91705,pg_catalog,pg_statistic,0,0,45184,40922,348,773,282,462,467,106,5428,38303,2644,95645,3302,16656,475,22389
1415064773.91705,pg_catalog,pg_aggregate,0,0,3652,3652,0,0,0,0,0,0,786,2866,1589,4901,,,,
1415064773.91705,pg_catalog,pg_inherits,0,0,188,0,0,0,0,0,0,0,0,0,82,106,,,,
1415064773.91705,information_schema,sql_sizing,0,0,,,0,0,0,0,0,0,0,0,,,0,0,0,0
1415064773.91705,pg_catalog,pg_enum,0,0,0,0,0,0,0,0,0,0,0,0,0,0,,,,
1415064773.91705,pg_toast,pg_toast_2396,0,0,0,0,0,0,0,0,0,0,0,0,0,0,,,,
1415064773.91705,public,lineitem,102,2040591981,23482966,565101587,60285860,0,239639,0,60045873,239639,44905375,103403449,4948316,97875707,,,,
1415064773.91705,pg_catalog,pg_pltemplate,0,0,0,0,0,0,0,0,0,0,0,0,0,0,,,,
1415064773.91705,pg_toast,pg_toast_2618,0,0,2981,9532,0,0,0,0,0,0,1147,2454,410,4372,,,,
1415064773.91705,pg_toast,pg_toast_3596,0,0,0,0,0,0,0,0,0,0,0,0,0,0,,,,
1415064773.91705,pg_toast,pg_toast_11747,0,0,0,0,0,0,0,0,0,0,0,0,0,0,,,,
1415064773.91705,pg_toast,pg_toast_11727,0,0,0,0,0,0,0,0,0,0,0,0,0,0,,,,
1415064773.91705,pg_toast,pg_toast_2606,0,0,0,0,0,0,0,0,0,0,0,0,0,0,,,,
1415064773.91705,public,region,32200,160635,182,182,5,0,0,0,5,0,12,32299,29,222,,,,
1415064773.91705,pg_toast,pg_toast_2964,0,0,0,0,0,0,0,0,0,0,0,0,0,0,,,,
1415064773.91705,pg_catalog,pg_database,1786,7030,34028,34026,1,0,0,0,1,0,671,35142,4125,48470,,,,
1415064773.91705,information_schema,sql_parts,0,0,,,0,0,0,0,0,0,0,0,,,0,0,0,0
1415064773.91705,pg_toast,pg_toast_2620,0,0,0,0,0,0,0,0,0,0,0,0,0,0,,,,
1415064773.91705,pg_toast,pg_toast_11737,0,0,0,0,0,0,0,0,0,0,0,0,0,0,,,,
1415064773.91705,pg_catalog,pg_depend,0,0,8118,8774,1536,0,1446,0,6685,75,1120,9834,1868,21486,,,,
1415064773.91705,pg_catalog,pg_language,0,0,0,0,0,0,0,0,0,0,0,0,0,0,,,,
1415064773.91705,information_schema,sql_implementation_info,0,0,,,0,0,0,0,0,0,0,0,,,0,0,0,0
1415064773.91705,pg_catalog,pg_amproc,126,252,33112,51665,0,0,0,0,0,0,1078,31848,2949,71973,,,,
1415064773.91705,pg_catalog,pg_collation,0,0,0,0,0,0,0,0,0,0,0,0,0,0,,,,
1415064773.91705,pg_catalog,pg_range,0,0,1278,0,0,0,0,0,0,0,0,0,1364,1192,,,,
1415064773.91705,pg_toast,pg_toast_2609,0,0,0,0,0,0,0,0,0,0,0,0,0,0,,,,
1415064773.91705,public,supplier,76,2000000,10077642,10499276,100000,0,0,0,100000,0,13773,10153498,1321,20210398,,,,
1415064773.91705,pg_catalog,pg_opclass,126,126,43927,504355,0,0,0,0,0,0,2277,195248,3274,53329,,,,
1415064773.91705,pg_toast,pg_toast_11752,0,0,0,0,0,0,0,0,0,0,0,0,0,0,,,,
1415064773.91705,pg_catalog,pg_rewrite,0,0,4786,4474,104,0,104,0,110,28,1397,3768,664,7522,1147,2454,820,8744
1415064773.91705,pg_toast,pg_toast_1255,0,0,0,0,0,0,0,0,0,0,0,0,0,0,,,,
1415064773.91705,pg_catalog,pg_seclabel,0,0,826,0,0,0,0,0,0,0,0,0,80,746,0,0,0,0
1415064773.91705,information_schema,sql_languages,0,0,,,0,0,0,0,0,0,0,0,,,0,0,0,0
1415064773.91705,pg_catalog,pg_ts_parser,0,0,0,0,0,0,0,0,0,0,0,0,0,0,,,,
1415064773.91705,pg_catalog,pg_trigger,0,0,0,0,0,0,0,0,0,0,0,0,0,0,0,0,0,0
1415064773.91705,pg_catalog,pg_shseclabel,0,0,0,0,0,0,0,0,0,0,0,0,0,0,,,,
1415064773.91705,pg_catalog,pg_event_trigger,0,0,388,0,0,0,0,0,0,0,0,0,77,311,,,,
1415064773.91705,pg_toast,pg_toast_11742,0,0,0,0,0,0,0,0,0,0,0,0,0,0,,,,
1415064773.91705,pg_catalog,pg_foreign_table,0,0,0,0,0,0,0,0,0,0,0,0,0,0,,,,
1415064773.91705,information_schema,sql_sizing_profiles,0,0,,,0,0,0,0,0,0,0,0,,,0,0,0,0
1415064773.91705,pg_catalog,pg_extension,0,0,0,0,0,0,0,0,0,0,0,0,0,0,,,,
1415064773.91705,public,time_statistics,128,11865,,,164,128,0,110,164,72,38,564,,,,,,
1415064773.91705,pg_catalog,pg_ts_config,0,0,0,0,0,0,0,0,0,0,0,0,0,0,,,,
1415064773.91705,public,part,48,28000000,714,19769356,2000000,0,0,0,2000000,0,786157,667445,53061,13142,,,,
1415064773.91705,pg_catalog,pg_shdescription,0,0,0,0,0,0,0,0,0,0,0,0,0,0,0,0,0,0
1415064773.91705,pg_catalog,pg_cast,0,0,227680,60019,0,0,0,0,0,0,1396,58623,1562,234009,,,,
1415064773.91705,pg_catalog,pg_amop,0,0,69047,96621,0,0,0,0,0,0,2922,93699,4880,143930,,,,
1415064773.91705,pg_catalog,pg_user_mapping,0,0,0,0,0,0,0,0,0,0,0,0,0,0,,,,
1415064773.91705,pg_catalog,pg_type,0,0,177723,176293,391,0,372,0,362,10,3523,174475,4179,362713,,,,
1415064773.91705,pg_catalog,pg_largeobject,0,0,0,0,0,0,0,0,0,0,0,0,0,0,,,,
1415064773.91705,pg_catalog,pg_ts_config_map,0,0,0,0,0,0,0,0,0,0,0,0,0,0,,,,
1415064773.91705,pg_catalog,pg_largeobject_metadata,0,0,0,0,0,0,0,0,0,0,0,0,0,0,,,,
1415064773.91705,pg_catalog,pg_am,8856,8856,0,0,0,0,0,0,0,0,925,7931,0,0,,,,
1415064773.91705,pg_toast,pg_toast_11722,0,0,0,0,0,0,0,0,0,0,0,0,0,0,,,,
1415064773.91705,pg_catalog,pg_ts_template,0,0,0,0,0,0,0,0,0,0,0,0,0,0,,,,
1415064773.91705,pg_catalog,pg_foreign_server,0,0,0,0,0,0,0,0,0,0,0,0,0,0,,,,
1415064773.91705,pg_catalog,pg_namespace,1520,15342,62750,54661,12,0,0,0,12,0,809,55403,2034,70303,,,,
1415064773.91705,public,partsupp,45,88000000,235492,9757174,8000000,0,0,0,8000000,0,2168699,9908770,154054,580651,,,,
1415064773.91705,pg_toast,pg_toast_2619,0,0,12286,40817,827,0,576,0,261,28,3302,16656,475,22389,,,,
1415064773.91705,public,nation,241,1350,129364,129508,25,0,0,0,25,0,13,129407,42,129519,,,,
1415064773.91705,pg_catalog,pg_authid,628,628,16299,16299,0,0,0,0,0,0,789,16138,3184,29414,,,,
1415064773.91705,pg_catalog,pg_default_acl,0,0,792,0,0,0,0,0,0,0,0,0,74,718,,,,
1415064773.91705,pg_catalog,pg_shdepend,0,0,1038,211,0,0,0,0,0,0,77,134,316,1110,,,,
1415064773.91705,pg_catalog,pg_constraint,0,0,72,32,40,0,32,0,10,32,22,205,40,384,0,0,0,0
1415064773.91705,pg_catalog,pg_index,3392,418753,80966,115286,158,0,130,0,143,37,3529,103455,3453,92149,,,,
1415064773.91705,pg_catalog,pg_ts_dict,0,0,0,0,0,0,0,0,0,0,0,0,0,0,,,,
1415064773.91705,pg_toast,pg_toast_2604,0,0,0,0,0,0,0,0,0,0,0,0,0,0,,,,
1415064773.91705,public,customer,92,36000000,705,6273403,1500000,0,0,0,1500000,0,765792,2403720,18643,3460,,,,
1415064773.91705,pg_toast,pg_toast_11732,0,0,0,0,0,0,0,0,0,0,0,0,0,0,,,,
1415064773.91705,pg_catalog,pg_proc,0,0,88378,130278,0,0,0,0,0,0,10755,91303,9035,183179,0,0,0,0
1415064833.91715,pg_catalog,pg_attrdef,0,0,0,0,0,0,0,0,0,0,0,0,0,0,0,0,0,0
1415064833.91715,pg_catalog,pg_db_role_setting,0,0,37604,0,0,0,0,0,0,0,0,0,984,36620,0,0,0,0
1415064833.91715,pg_catalog,pg_rowsecurity,0,0,0,0,0,0,0,0,0,0,0,0,0,0,,,,
1415064833.91715,pg_catalog,pg_description,0,0,834,0,0,0,0,0,0,0,0,0,248,1610,0,0,0,0
1415064833.91715,pg_catalog,pg_foreign_data_wrapper,0,0,0,0,0,0,0,0,0,0,0,0,0,0,,,,
1415064833.91715,pg_catalog,pg_conversion,0,0,0,0,0,0,0,0,0,0,0,0,0,0,,,,
1415064833.91715,information_schema,sql_features,0,0,,,0,0,0,0,0,0,0,0,,,0,0,0,0
1415064833.91715,public,orders,142,600435000,26844544,50192641,15090000,0,75000,0,15015000,75000,8207345,34668335,230940,81329086,,,,
1415064833.91715,pg_catalog,pg_class,6643,1799641,309849,294514,359,121,321,116,337,114,7876,353159,8434,633806,,,,
1415064833.91715,pg_catalog,pg_opfamily,0,0,0,0,0,0,0,0,0,0,0,0,0,0,,,,
1415064833.91715,pg_catalog,pg_auth_members,0,0,0,0,0,0,0,0,0,0,0,0,0,0,,,,
1415064833.91715,pg_catalog,pg_operator,0,0,54873,244094,0,0,0,0,0,0,9331,164190,6370,115815,,,,
1415064833.91715,information_schema,sql_packages,0,0,,,0,0,0,0,0,0,0,0,,,0,0,0,0
1415064833.91715,pg_catalog,pg_attribute,693,4725,214904,427080,1434,50,1256,27,2115,45,10945,231953,5238,441023,,,,
1415064833.91715,pg_catalog,pg_tablespace,2,4,6521,6521,0,0,0,0,0,0,807,5716,1629,11443,,,,
1415064833.91715,pg_catalog,pg_statistic,0,0,45603,41333,349,773,283,462,467,103,5506,38641,2656,96543,3491,16918,491,23015
1415064833.91715,pg_catalog,pg_aggregate,0,0,3697,3697,0,0,0,0,0,0,795,2902,1611,4956,,,,
1415064833.91715,pg_catalog,pg_inherits,0,0,190,0,0,0,0,0,0,0,0,0,84,106,,,,
1415064833.91715,information_schema,sql_sizing,0,0,,,0,0,0,0,0,0,0,0,,,0,0,0,0
1415064833.91715,pg_catalog,pg_enum,0,0,0,0,0,0,0,0,0,0,0,0,0,0,,,,
1415064833.91715,pg_toast,pg_toast_2396,0,0,0,0,0,0,0,0,0,0,0,0,0,0,,,,
1415064833.91715,public,lineitem,108,2400864793,26910109,641652554,60345378,0,299552,0,60045478,299552,53421624,129589939,5973082,112244175,,,,
1415064833.91715,pg_catalog,pg_pltemplate,0,0,0,0,0,0,0,0,0,0,0,0,0,0,,,,
1415064833.91715,pg_toast,pg_toast_2618,0,0,2986,9548,0,0,0,0,0,0,1152,2455,410,4380,,,,
1415064833.91715,pg_toast,pg_toast_3596,0,0,0,0,0,0,0,0,0,0,0,0,0,0,,,,
1415064833.91715,pg_toast,pg_toast_11747,0,0,0,0,0,0,0,0,0,0,0,0,0,0,,,,
1415064833.91715,pg_toast,pg_toast_11727,0,0,0,0,0,0,0,0,0,0,0,0,0,0,,,,
1415064833.91715,pg_toast,pg_toast_2606,0,0,0,0,0,0,0,0,0,0,0,0,0,0,,,,
1415064833.91715,public,region,38397,191615,190,190,5,0,0,0,5,0,14,38501,35,227,,,,
1415064833.91715,pg_toast,pg_toast_2964,0,0,0,0,0,0,0,0,0,0,0,0,0,0,,,,
1415064833.91715,pg_catalog,pg_database,1789,7042,34377,34375,1,0,0,0,1,0,673,35492,4140,49022,,,,
1415064833.91715,information_schema,sql_parts,0,0,,,0,0,0,0,0,0,0,0,,,0,0,0,0
1415064833.91715,pg_toast,pg_toast_2620,0,0,0,0,0,0,0,0,0,0,0,0,0,0,,,,
1415064833.91715,pg_toast,pg_toast_11737,0,0,0,0,0,0,0,0,0,0,0,0,0,0,,,,
1415064833.91715,pg_catalog,pg_depend,0,0,8193,8850,1549,0,1459,0,6685,88,1146,9909,1912,21648,,,,
1415064833.91715,pg_catalog,pg_language,0,0,0,0,0,0,0,0,0,0,0,0,0,0,,,,
1415064833.91715,information_schema,sql_implementation_info,0,0,,,0,0,0,0,0,0,0,0,,,0,0,0,0
1415064833.91715,pg_catalog,pg_amproc,126,252,33491,52251,0,0,0,0,0,0,1079,32213,2954,72834,,,,
1415064833.91715,pg_catalog,pg_collation,0,0,0,0,0,0,0,0,0,0,0,0,0,0,,,,
1415064833.91715,pg_catalog,pg_range,0,0,1313,0,0,0,0,0,0,0,0,0,1386,1240,,,,
1415064833.91715,pg_toast,pg_toast_2609,0,0,0,0,0,0,0,0,0,0,0,0,0,0,,,,
1415064833.91715,public,supplier,80,2300000,13369558,13894134,100000,0,0,0,100000,0,13773,13468564,1437,26812326,,,,
1415064833.91715,pg_catalog,pg_opclass,126,126,44385,509035,0,0,0,0,0,0,2288,197143,3295,53901,,,,
1415064833.91715,pg_toast,pg_toast_11752,0,0,0,0,0,0,0,0,0,0,0,0,0,0,,,,
1415064833.91715,pg_catalog,pg_rewrite,0,0,4798,4483,105,0,105,0,110,29,1405,3773,670,7536,1152,2455,820,8760
1415064833.91715,pg_toast,pg_toast_1255,0,0,0,0,0,0,0,0,0,0,0,0,0,0,,,,
1415064833.91715,pg_catalog,pg_seclabel,0,0,834,0,0,0,0,0,0,0,0,0,82,752,0,0,0,0
1415064833.91715,information_schema,sql_languages,0,0,,,0,0,0,0,0,0,0,0,,,0,0,0,0
1415064833.91715,pg_catalog,pg_ts_parser,0,0,0,0,0,0,0,0,0,0,0,0,0,0,,,,
1415064833.91715,pg_catalog,pg_trigger,0,0,0,0,0,0,0,0,0,0,0,0,0,0,0,0,0,0
1415064833.91715,pg_catalog,pg_shseclabel,0,0,0,0,0,0,0,0,0,0,0,0,0,0,,,,
1415064833.91715,pg_catalog,pg_event_trigger,0,0,390,0,0,0,0,0,0,0,0,0,79,311,,,,
1415064833.91715,pg_toast,pg_toast_11742,0,0,0,0,0,0,0,0,0,0,0,0,0,0,,,,
1415064833.91715,pg_catalog,pg_foreign_table,0,0,0,0,0,0,0,0,0,0,0,0,0,0,,,,
1415064833.91715,information_schema,sql_sizing_profiles,0,0,,,0,0,0,0,0,0,0,0,,,0,0,0,0
1415064833.91715,pg_catalog,pg_extension,0,0,0,0,0,0,0,0,0,0,0,0,0,0,,,,
1415064833.91715,public,time_statistics,162,18000,,,198,162,0,140,198,90,75,739,,,,,,
1415064833.91715,pg_catalog,pg_ts_config,0,0,0,0,0,0,0,0,0,0,0,0,0,0,,,,
1415064833.91715,public,part,51,34000000,771,26428525,2000000,0,0,0,2000000,0,1081483,715839,71443,13248,,,,
1415064833.91715,pg_catalog,pg_shdescription,0,0,0,0,0,0,0,0,0,0,0,0,0,0,0,0,0,0
1415064833.91715,pg_catalog,pg_cast,0,0,231012,60753,0,0,0,0,0,0,1409,59344,1569,237438,,,,
1415064833.91715,pg_catalog,pg_amop,0,0,69713,97671,0,0,0,0,0,0,2940,94731,4909,145337,,,,
1415064833.91715,pg_catalog,pg_user_mapping,0,0,0,0,0,0,0,0,0,0,0,0,0,0,,,,
1415064833.91715,pg_catalog,pg_type,0,0,180377,178932,395,0,376,0,362,14,3552,177100,4219,368124,,,,
1415064833.91715,pg_catalog,pg_largeobject,0,0,0,0,0,0,0,0,0,0,0,0,0,0,,,,
1415064833.91715,pg_catalog,pg_ts_config_map,0,0,0,0,0,0,0,0,0,0,0,0,0,0,,,,
1415064833.91715,pg_catalog,pg_largeobject_metadata,0,0,0,0,0,0,0,0,0,0,0,0,0,0,,,,
1415064833.91715,pg_catalog,pg_am,8965,8965,0,0,0,0,0,0,0,0,928,8037,0,0,,,,
1415064833.91715,pg_toast,pg_toast_11722,0,0,0,0,0,0,0,0,0,0,0,0,0,0,,,,
1415064833.91715,pg_catalog,pg_ts_template,0,0,0,0,0,0,0,0,0,0,0,0,0,0,,,,
1415064833.91715,pg_catalog,pg_foreign_server,0,0,0,0,0,0,0,0,0,0,0,0,0,0,,,,
1415064833.91715,pg_catalog,pg_namespace,1522,15378,63198,55003,12,0,0,0,12,0,812,55744,2044,70850,,,,
1415064833.91715,public,partsupp,48,112000000,329463,13492610,8000000,0,0,0,8000000,0,3069829,13112559,218774,808496,,,,
1415064833.91715,pg_toast,pg_toast_2619,0,0,12588,41843,829,0,578,0,261,30,3491,16918,491,23015,,,,
1415064833.91715,public,nation,256,1725,154187,154355,25,0,0,0,25,0,16,154242,53,154342,,,,
1415064833.91715,pg_catalog,pg_authid,629,629,16513,16513,0,0,0,0,0,0,792,16350,3200,29826,,,,
1415064833.91715,pg_catalog,pg_default_acl,0,0,800,0,0,0,0,0,0,0,0,0,76,724,,,,
1415064833.91715,pg_catalog,pg_shdepend,0,0,1048,213,0,0,0,0,0,0,79,134,324,1116,,,,
1415064833.91715,pg_catalog,pg_constraint,0,0,72,32,40,0,32,0,10,32,22,205,40,384,0,0,0,0
1415064833.91715,pg_catalog,pg_index,3397,419468,81748,116410,159,0,131,0,143,38,3562,104556,3472,93059,,,,
1415064833.91715,pg_catalog,pg_ts_dict,0,0,0,0,0,0,0,0,0,0,0,0,0,0,,,,
1415064833.91715,pg_toast,pg_toast_2604,0,0,0,0,0,0,0,0,0,0,0,0,0,0,,,,
1415064833.91715,public,customer,96,42000000,787,8592299,1500000,0,0,0,1500000,0,965096,2847593,25138,3594,,,,
1415064833.91715,pg_toast,pg_toast_11732,0,0,0,0,0,0,0,0,0,0,0,0,0,0,,,,
1415064833.91715,pg_catalog,pg_proc,0,0,89165,131395,0,0,0,0,0,0,10890,91995,9114,184884,0,0,0,0
1415064893.92301,pg_catalog,pg_attrdef,0,0,0,0,0,0,0,0,0,0,0,0,0,0,0,0,0,0
1415064893.92301,pg_catalog,pg_db_role_setting,0,0,38180,0,0,0,0,0,0,0,0,0,984,37196,0,0,0,0
1415064893.92301,pg_catalog,pg_rowsecurity,0,0,0,0,0,0,0,0,0,0,0,0,0,0,,,,
1415064893.92301,pg_catalog,pg_description,0,0,846,0,0,0,0,0,0,0,0,0,254,1631,0,0,0,0
1415064893.92301,pg_catalog,pg_foreign_data_wrapper,0,0,0,0,0,0,0,0,0,0,0,0,0,0,,,,
1415064893.92301,pg_catalog,pg_conversion,0,0,0,0,0,0,0,0,0,0,0,0,0,0,,,,
1415064893.92301,information_schema,sql_features,0,0,,,0,0,0,0,0,0,0,0,,,0,0,0,0
1415064893.92301,public,orders,159,855600000,39330548,66087620,15105000,0,105000,0,15000000,105000,11568719,48866766,252551,118981056,,,,
1415064893.92301,pg_catalog,pg_class,6653,1802691,312303,296716,364,122,326,117,337,120,7895,355480,8454,639017,,,,
1415064893.92301,pg_catalog,pg_opfamily,0,0,0,0,0,0,0,0,0,0,0,0,0,0,,,,
1415064893.92301,pg_catalog,pg_auth_members,0,0,0,0,0,0,0,0,0,0,0,0,0,0,,,,
1415064893.92301,pg_catalog,pg_operator,0,0,55732,249719,0,0,0,0,0,0,9334,167980,6387,117711,,,,
1415064893.92301,information_schema,sql_packages,0,0,,,0,0,0,0,0,0,0,0,,,0,0,0,0
1415064893.92301,pg_catalog,pg_attribute,693,4725,216846,431499,1452,50,1274,27,2115,63,10993,234041,5256,445107,,,,
1415064893.92301,pg_catalog,pg_tablespace,2,4,6615,6615,0,0,0,0,0,0,808,5809,1630,11630,,,,
1415064893.92301,pg_catalog,pg_statistic,0,0,46208,41931,351,776,285,465,467,101,5576,39182,2658,97849,3708,17341,496,23936
1415064893.92301,pg_catalog,pg_aggregate,0,0,3758,3758,0,0,0,0,0,0,800,2958,1623,5047,,,,
1415064893.92301,pg_catalog,pg_inherits,0,0,193,0,0,0,0,0,0,0,0,0,86,107,,,,
1415064893.92301,information_schema,sql_sizing,0,0,,,0,0,0,0,0,0,0,0,,,0,0,0,0
1415064893.92301,pg_catalog,pg_enum,0,0,0,0,0,0,0,0,0,0,0,0,0,0,,,,
1415064893.92301,pg_toast,pg_toast_2396,0,0,0,0,0,0,0,0,0,0,0,0,0,0,,,,
1415064893.92301,public,lineitem,119,3061188762,34307704,787156526,60405001,0,420092,0,59984561,420092,69130930,179720627,7435865,142339125,,,,
1415064893.92301,pg_catalog,pg_pltemplate,0,0,0,0,0,0,0,0,0,0,0,0,0,0,,,,
1415064893.92301,pg_toast,pg_toast_2618,0,0,2990,9562,0,0,0,0,0,0,1156,2456,412,4384,,,,
1415064893.92301,pg_toast,pg_toast_3596,0,0,0,0,0,0,0,0,0,0,0,0,0,0,,,,
1415064893.92301,pg_toast,pg_toast_11747,0,0,0,0,0,0,0,0,0,0,0,0,0,0,,,,
1415064893.92301,pg_toast,pg_toast_11727,0,0,0,0,0,0,0,0,0,0,0,0,0,0,,,,
1415064893.92301,pg_toast,pg_toast_2606,0,0,0,0,0,0,0,0,0,0,0,0,0,0,,,,
1415064893.92301,public,region,51069,254965,206,206,5,0,0,0,5,0,17,51184,45,239,,,,
1415064893.92301,pg_toast,pg_toast_2964,0,0,0,0,0,0,0,0,0,0,0,0,0,0,,,,
1415064893.92301,pg_catalog,pg_database,1792,7054,34833,34831,1,0,0,0,1,0,673,35951,4140,49766,,,,
1415064893.92301,information_schema,sql_parts,0,0,,,0,0,0,0,0,0,0,0,,,0,0,0,0
1415064893.92301,pg_toast,pg_toast_2620,0,0,0,0,0,0,0,0,0,0,0,0,0,0,,,,
1415064893.92301,pg_toast,pg_toast_11737,0,0,0,0,0,0,0,0,0,0,0,0,0,0,,,,
1415064893.92301,pg_catalog,pg_depend,0,0,8299,8950,1566,0,1476,0,6685,105,1181,10008,1978,21868,,,,
1415064893.92301,pg_catalog,pg_language,0,0,0,0,0,0,0,0,0,0,0,0,0,0,,,,
1415064893.92301,information_schema,sql_implementation_info,0,0,,,0,0,0,0,0,0,0,0,,,0,0,0,0
1415064893.92301,pg_catalog,pg_amproc,126,252,34025,53055,0,0,0,0,0,0,1079,32726,2954,74045,,,,
1415064893.92301,pg_catalog,pg_collation,0,0,0,0,0,0,0,0,0,0,0,0,0,0,,,,
1415064893.92301,pg_catalog,pg_range,0,0,1362,0,0,0,0,0,0,0,0,0,1402,1322,,,,
1415064893.92301,pg_toast,pg_toast_2609,0,0,0,0,0,0,0,0,0,0,0,0,0,0,,,,
1415064893.92301,public,supplier,88,2900000,23277148,23867766,100000,0,0,0,100000,0,13773,23406591,1594,46682032,,,,
1415064893.92301,pg_catalog,pg_opclass,126,126,45030,516061,0,0,0,0,0,0,2290,199966,3304,54724,,,,
1415064893.92301,pg_toast,pg_toast_11752,0,0,0,0,0,0,0,0,0,0,0,0,0,0,,,,
1415064893.92301,pg_catalog,pg_rewrite,0,0,4810,4492,106,0,106,0,110,30,1414,3780,678,7548,1156,2456,824,8768
1415064893.92301,pg_toast,pg_toast_1255,0,0,0,0,0,0,0,0,0,0,0,0,0,0,,,,
1415064893.92301,pg_catalog,pg_seclabel,0,0,846,0,0,0,0,0,0,0,0,0,84,762,0,0,0,0
1415064893.92301,information_schema,sql_languages,0,0,,,0,0,0,0,0,0,0,0,,,0,0,0,0
1415064893.92301,pg_catalog,pg_ts_parser,0,0,0,0,0,0,0,0,0,0,0,0,0,0,,,,
1415064893.92301,pg_catalog,pg_trigger,0,0,0,0,0,0,0,0,0,0,0,0,0,0,0,0,0,0
1415064893.92301,pg_catalog,pg_shseclabel,0,0,0,0,0,0,0,0,0,0,0,0,0,0,,,,
1415064893.92301,pg_catalog,pg_event_trigger,0,0,393,0,0,0,0,0,0,0,0,0,82,311,,,,
1415064893.92301,pg_toast,pg_toast_11742,0,0,0,0,0,0,0,0,0,0,0,0,0,0,,,,
1415064893.92301,pg_catalog,pg_foreign_table,0,0,0,0,0,0,0,0,0,0,0,0,0,0,,,,
1415064893.92301,information_schema,sql_sizing_profiles,0,0,,,0,0,0,0,0,0,0,0,,,0,0,0,0
1415064893.92301,pg_catalog,pg_extension,0,0,0,0,0,0,0,0,0,0,0,0,0,0,,,,
1415064893.92301,public,time_statistics,208,28139,,,244,208,0,186,244,75,123,1035,,,,,,
1415064893.92301,pg_catalog,pg_ts_config,0,0,0,0,0,0,0,0,0,0,0,0,0,0,,,,
1415064893.92301,public,part,56,44000000,860,31119020,2000000,0,0,0,2000000,0,1389967,817044,85733,13987,,,,
1415064893.92301,pg_catalog,pg_shdescription,0,0,0,0,0,0,0,0,0,0,0,0,0,0,0,0,0,0
1415064893.92301,pg_catalog,pg_cast,0,0,235639,61712,0,0,0,0,0,0,1414,60298,1569,242205,,,,
1415064893.92301,pg_catalog,pg_amop,0,0,70647,99133,0,0,0,0,0,0,2942,96191,4921,147333,,,,
1415064893.92301,pg_catalog,pg_user_mapping,0,0,0,0,0,0,0,0,0,0,0,0,0,0,,,,
1415064893.92301,pg_catalog,pg_type,0,0,183962,182494,401,0,382,0,362,20,3574,180663,4256,375454,,,,
1415064893.92301,pg_catalog,pg_largeobject,0,0,0,0,0,0,0,0,0,0,0,0,0,0,,,,
1415064893.92301,pg_catalog,pg_ts_config_map,0,0,0,0,0,0,0,0,0,0,0,0,0,0,,,,
1415064893.92301,pg_catalog,pg_largeobject_metadata,0,0,0,0,0,0,0,0,0,0,0,0,0,0,,,,
1415064893.92301,pg_catalog,pg_am,9110,9110,0,0,0,0,0,0,0,0,928,8182,0,0,,,,
1415064893.92301,pg_toast,pg_toast_11722,0,0,0,0,0,0,0,0,0,0,0,0,0,0,,,,
1415064893.92301,pg_catalog,pg_ts_template,0,0,0,0,0,0,0,0,0,0,0,0,0,0,,,,
1415064893.92301,pg_catalog,pg_foreign_server,0,0,0,0,0,0,0,0,0,0,0,0,0,0,,,,
1415064893.92301,pg_catalog,pg_namespace,1524,15414,63752,55415,12,0,0,0,12,0,812,56158,2050,71544,,,,
1415064893.92301,public,partsupp,53,152000000,414301,19308654,8000000,0,0,0,8000000,0,3902036,18914656,278310,1019792,,,,
1415064893.92301,pg_toast,pg_toast_2619,0,0,13024,43273,833,0,582,0,261,34,3708,17341,496,23936,,,,
1415064893.92301,public,nation,283,2400,204936,205128,25,0,0,0,25,0,18,205016,67,205095,,,,
1415064893.92301,pg_catalog,pg_authid,630,630,16798,16798,0,0,0,0,0,0,792,16636,3200,30396,,,,
1415064893.92301,pg_catalog,pg_default_acl,0,0,812,0,0,0,0,0,0,0,0,0,79,733,,,,
1415064893.92301,pg_catalog,pg_shdepend,0,0,1063,216,0,0,0,0,0,0,82,134,334,1127,,,,
1415064893.92301,pg_catalog,pg_constraint,0,0,72,32,40,0,32,0,10,32,22,205,40,384,0,0,0,0
1415064893.92301,pg_catalog,pg_index,3402,420183,82832,117961,161,0,133,0,143,40,3572,106100,3476,94335,,,,
1415064893.92301,pg_catalog,pg_ts_dict,0,0,0,0,0,0,0,0,0,0,0,0,0,0,,,,
1415064893.92301,pg_toast,pg_toast_2604,0,0,0,0,0,0,0,0,0,0,0,0,0,0,,,,
1415064893.92301,public,customer,104,54000000,917,12082207,1500000,0,0,0,1500000,0,1326733,3631353,34926,3813,,,,
1415064893.92301,pg_toast,pg_toast_11732,0,0,0,0,0,0,0,0,0,0,0,0,0,0,,,,
1415064893.92301,pg_catalog,pg_proc,0,0,90214,132899,0,0,0,0,0,0,11037,92966,9165,187212,0,0,0,0
1415064953.92716,pg_catalog,pg_attrdef,0,0,0,0,0,0,0,0,0,0,0,0,0,0,0,0,0,0
1415064953.92716,pg_catalog,pg_db_role_setting,0,0,38572,0,0,0,0,0,0,0,0,0,988,37584,0,0,0,0
1415064953.92716,pg_catalog,pg_rowsecurity,0,0,0,0,0,0,0,0,0,0,0,0,0,0,,,,
1415064953.92716,pg_catalog,pg_description,0,0,858,0,0,0,0,0,0,0,0,0,263,1649,0,0,0,0
1415064953.92716,pg_catalog,pg_foreign_data_wrapper,0,0,0,0,0,0,0,0,0,0,0,0,0,0,,,,
1415064953.92716,pg_catalog,pg_conversion,0,0,0,0,0,0,0,0,0,0,0,0,0,0,,,,
1415064953.92716,information_schema,sql_features,0,0,,,0,0,0,0,0,0,0,0,,,0,0,0,0
1415064953.92716,public,orders,174,1080750000,42583349,77322595,15135000,0,120000,0,15015000,120000,13159080,56260330,292162,129013814,,,,
1415064953.92716,pg_catalog,pg_class,6682,1805760,314201,298443,368,124,330,119,341,16,7952,357426,8514,643012,,,,
1415064953.92716,pg_catalog,pg_opfamily,0,0,0,0,0,0,0,0,0,0,0,0,0,0,,,,
1415064953.92716,pg_catalog,pg_auth_members,0,0,0,0,0,0,0,0,0,0,0,0,0,0,,,,
1415064953.92716,pg_catalog,pg_operator,0,0,56308,253339,0,0,0,0,0,0,9393,170364,6434,118956,,,,
1415064953.92716,information_schema,sql_packages,0,0,,,0,0,0,0,0,0,0,0,,,0,0,0,0
1415064953.92716,pg_catalog,pg_attribute,704,4800,218343,435039,1464,50,1286,27,2115,75,11108,235720,5294,448220,,,,
1415064953.92716,pg_catalog,pg_tablespace,2,4,6677,6677,0,0,0,0,0,0,813,5866,1639,11745,,,,
1415064953.92716,pg_catalog,pg_statistic,0,0,46614,42328,352,779,286,466,467,104,5640,39534,2673,98719,3907,17599,516,24538
1415064953.92716,pg_catalog,pg_aggregate,0,0,3805,3805,0,0,0,0,0,0,809,2996,1646,5100,,,,
1415064953.92716,pg_catalog,pg_inherits,0,0,196,0,0,0,0,0,0,0,0,0,89,107,,,,
1415064953.92716,information_schema,sql_sizing,0,0,,,0,0,0,0,0,0,0,0,,,0,0,0,0
1415064953.92716,pg_catalog,pg_enum,0,0,0,0,0,0,0,0,0,0,0,0,0,0,,,,
1415064953.92716,pg_toast,pg_toast_2396,0,0,0,0,0,0,0,0,0,0,0,0,0,0,,,,
1415064953.92716,public,lineitem,124,3361414536,39962174,874192708,60524319,0,480237,0,60043734,480237,76716052,206292961,8832913,166710002,,,,
1415064953.92716,pg_catalog,pg_pltemplate,0,0,0,0,0,0,0,0,0,0,0,0,0,0,,,,
1415064953.92716,pg_toast,pg_toast_2618,0,0,2995,9578,0,0,0,0,0,0,1161,2457,414,4390,,,,
1415064953.92716,pg_toast,pg_toast_3596,0,0,0,0,0,0,0,0,0,0,0,0,0,0,,,,
1415064953.92716,pg_toast,pg_toast_11747,0,0,0,0,0,0,0,0,0,0,0,0,0,0,,,,
1415064953.92716,pg_toast,pg_toast_11727,0,0,0,0,0,0,0,0,0,0,0,0,0,0,,,,
1415064953.92716,pg_toast,pg_toast_2606,0,0,0,0,0,0,0,0,0,0,0,0,0,0,,,,
1415064953.92716,public,region,51071,254975,210,210,5,0,0,0,5,0,19,51188,49,241,,,,
1415064953.92716,pg_toast,pg_toast_2964,0,0,0,0,0,0,0,0,0,0,0,0,0,0,,,,
1415064953.92716,pg_catalog,pg_database,1795,7066,35150,35148,1,0,0,0,1,0,677,36267,4156,50263,,,,
1415064953.92716,information_schema,sql_parts,0,0,,,0,0,0,0,0,0,0,0,,,0,0,0,0
1415064953.92716,pg_toast,pg_toast_2620,0,0,0,0,0,0,0,0,0,0,0,0,0,0,,,,
1415064953.92716,pg_toast,pg_toast_11737,0,0,0,0,0,0,0,0,0,0,0,0,0,0,,,,
1415064953.92716,pg_catalog,pg_depend,0,0,8418,9078,1588,0,1498,0,6685,127,1221,10128,2041,22137,,,,
1415064953.92716,pg_catalog,pg_language,0,0,0,0,0,0,0,0,0,0,0,0,0,0,,,,
1415064953.92716,information_schema,sql_implementation_info,0,0,,,0,0,0,0,0,0,0,0,,,0,0,0,0
1415064953.92716,pg_catalog,pg_amproc,128,256,34419,53664,0,0,0,0,0,0,1085,33109,2966,74924,,,,
1415064953.92716,pg_catalog,pg_collation,0,0,0,0,0,0,0,0,0,0,0,0,0,0,,,,
1415064953.92716,pg_catalog,pg_range,0,0,1394,0,0,0,0,0,0,0,0,0,1426,1362,,,,
1415064953.92716,pg_toast,pg_toast_2609,0,0,0,0,0,0,0,0,0,0,0,0,0,0,,,,
1415064953.92716,public,supplier,92,3300000,26529931,27203476,100000,0,0,0,100000,0,13774,26673638,1634,53206358,,,,
1415064953.92716,pg_catalog,pg_opclass,128,128,45530,521436,0,0,0,0,0,0,2298,202128,3326,55338,,,,
1415064953.92716,pg_toast,pg_toast_11752,0,0,0,0,0,0,0,0,0,0,0,0,0,0,,,,
1415064953.92716,pg_catalog,pg_rewrite,0,0,4829,4505,108,0,108,0,110,32,1423,3792,689,7569,1161,2457,828,8780
1415064953.92716,pg_toast,pg_toast_1255,0,0,0,0,0,0,0,0,0,0,0,0,0,0,,,,
1415064953.92716,pg_catalog,pg_seclabel,0,0,858,0,0,0,0,0,0,0,0,0,87,771,0,0,0,0
1415064953.92716,information_schema,sql_languages,0,0,,,0,0,0,0,0,0,0,0,,,0,0,0,0
1415064953.92716,pg_catalog,pg_ts_parser,0,0,0,0,0,0,0,0,0,0,0,0,0,0,,,,
1415064953.92716,pg_catalog,pg_trigger,0,0,0,0,0,0,0,0,0,0,0,0,0,0,0,0,0,0
1415064953.92716,pg_catalog,pg_shseclabel,0,0,0,0,0,0,0,0,0,0,0,0,0,0,,,,
1415064953.92716,pg_catalog,pg_event_trigger,0,0,396,0,0,0,0,0,0,0,0,0,85,311,,,,
1415064953.92716,pg_toast,pg_toast_11742,0,0,0,0,0,0,0,0,0,0,0,0,0,0,,,,
1415064953.92716,pg_catalog,pg_foreign_table,0,0,0,0,0,0,0,0,0,0,0,0,0,0,,,,
1415064953.92716,information_schema,sql_sizing_profiles,0,0,,,0,0,0,0,0,0,0,0,,,0,0,0,0
1415064953.92716,pg_catalog,pg_extension,0,0,0,0,0,0,0,0,0,0,0,0,0,0,,,,
1415064953.92716,public,time_statistics,240,36442,,,276,240,0,213,276,77,180,1261,,,,,,
1415064953.92716,pg_catalog,pg_ts_config,0,0,0,0,0,0,0,0,0,0,0,0,0,0,,,,
1415064953.92716,public,part,57,46000000,874,35119032,2000000,0,0,0,2000000,0,1511508,818585,96677,14028,,,,
1415064953.92716,pg_catalog,pg_shdescription,0,0,0,0,0,0,0,0,0,0,0,0,0,0,0,0,0,0
1415064953.92716,pg_catalog,pg_cast,0,0,238809,62377,0,0,0,0,0,0,1425,60952,1577,245466,,,,
1415064953.92716,pg_catalog,pg_amop,0,0,71337,100209,0,0,0,0,0,0,2961,97248,4955,148779,,,,
1415064953.92716,pg_catalog,pg_user_mapping,0,0,0,0,0,0,0,0,0,0,0,0,0,0,,,,
1415064953.92716,pg_catalog,pg_type,0,0,186482,184992,407,0,388,0,362,26,3608,183148,4305,380596,,,,
1415064953.92716,pg_catalog,pg_largeobject,0,0,0,0,0,0,0,0,0,0,0,0,0,0,,,,
1415064953.92716,pg_catalog,pg_ts_config_map,0,0,0,0,0,0,0,0,0,0,0,0,0,0,,,,
1415064953.92716,pg_catalog,pg_largeobject_metadata,0,0,0,0,0,0,0,0,0,0,0,0,0,0,,,,
1415064953.92716,pg_catalog,pg_am,9214,9214,0,0,0,0,0,0,0,0,932,8282,0,0,,,,
1415064953.92716,pg_toast,pg_toast_11722,0,0,0,0,0,0,0,0,0,0,0,0,0,0,,,,
1415064953.92716,pg_catalog,pg_ts_template,0,0,0,0,0,0,0,0,0,0,0,0,0,0,,,,
1415064953.92716,pg_catalog,pg_foreign_server,0,0,0,0,0,0,0,0,0,0,0,0,0,0,,,,
1415064953.92716,pg_catalog,pg_namespace,1526,15450,64190,55752,12,0,0,0,12,0,816,56493,2066,72072,,,,
1415064953.92716,public,partsupp,54,160000000,457750,19482390,8000000,0,0,0,8000000,0,4057055,18979028,306310,1122863,,,,
1415064953.92716,pg_toast,pg_toast_2619,0,0,13317,44325,835,0,584,0,261,36,3907,17599,516,24538,,,,
1415064953.92716,public,nation,293,2650,204982,205222,25,0,0,0,25,0,21,205069,78,205140,,,,
1415064953.92716,pg_catalog,pg_authid,631,631,16991,16991,0,0,0,0,0,0,796,16826,3216,30766,,,,
1415064953.92716,pg_catalog,pg_default_acl,0,0,824,0,0,0,0,0,0,0,0,0,82,742,,,,
1415064953.92716,pg_catalog,pg_shdepend,0,0,1078,219,0,0,0,0,0,0,85,134,346,1136,,,,
1415064953.92716,pg_catalog,pg_constraint,0,0,72,32,40,0,32,0,10,32,22,205,40,384,0,0,0,0
1415064953.92716,pg_catalog,pg_index,3414,420905,83667,119146,162,0,134,0,143,41,3600,107264,3499,95289,,,,
1415064953.92716,pg_catalog,pg_ts_dict,0,0,0,0,0,0,0,0,0,0,0,0,0,0,,,,
1415064953.92716,pg_toast,pg_toast_2604,0,0,0,0,0,0,0,0,0,0,0,0,0,0,,,,
1415064953.92716,public,customer,112,66000000,1056,16447744,1500000,0,0,0,1500000,0,1759129,4230031,47893,4273,,,,
1415064953.92716,pg_toast,pg_toast_11732,0,0,0,0,0,0,0,0,0,0,0,0,0,0,,,,
1415064953.92716,pg_catalog,pg_proc,0,0,90985,133983,0,0,0,0,0,0,11193,93630,9249,188869,0,0,0,0
1415065013.92944,pg_catalog,pg_attrdef,0,0,0,0,0,0,0,0,0,0,0,0,0,0,0,0,0,0
1415065013.92944,pg_catalog,pg_db_role_setting,0,0,39140,0,0,0,0,0,0,0,0,0,991,38149,0,0,0,0
1415065013.92944,pg_catalog,pg_rowsecurity,0,0,0,0,0,0,0,0,0,0,0,0,0,0,,,,
1415065013.92944,pg_catalog,pg_description,0,0,870,0,0,0,0,0,0,0,0,0,272,1667,0,0,0,0
1415065013.92944,pg_catalog,pg_foreign_data_wrapper,0,0,0,0,0,0,0,0,0,0,0,0,0,0,,,,
1415065013.92944,pg_catalog,pg_conversion,0,0,0,0,0,0,0,0,0,0,0,0,0,0,,,,
1415065013.92944,information_schema,sql_features,0,0,,,0,0,0,0,0,0,0,0,,,0,0,0,0
1415065013.92944,public,orders,182,1200825000,57937109,97782912,15150000,0,135000,0,15015000,135000,16669209,71564829,326392,175274872,,,,
1415065013.92944,pg_catalog,pg_class,6707,1808825,316695,300582,372,126,334,121,341,22,7995,359731,8553,648266,,,,
1415065013.92944,pg_catalog,pg_opfamily,0,0,0,0,0,0,0,0,0,0,0,0,0,0,,,,
1415065013.92944,pg_catalog,pg_auth_members,0,0,0,0,0,0,0,0,0,0,0,0,0,0,,,,
1415065013.92944,pg_catalog,pg_operator,0,0,57192,258883,0,0,0,0,0,0,9435,174084,6464,120878,,,,
1415065013.92944,information_schema,sql_packages,0,0,,,0,0,0,0,0,0,0,0,,,0,0,0,0
1415065013.92944,pg_catalog,pg_attribute,715,4875,220392,439724,1476,50,1298,27,2514,90,11232,238027,5323,452479,,,,
1415065013.92944,pg_catalog,pg_tablespace,2,4,6770,6770,0,0,0,0,0,0,816,5956,1645,11925,,,,
1415065013.92944,pg_catalog,pg_statistic,0,0,47257,42962,353,800,287,486,467,111,5736,40103,2685,100087,4155,18049,527,25484
1415065013.92944,pg_catalog,pg_aggregate,0,0,3854,3854,0,0,0,0,0,0,816,3038,1660,5176,,,,
1415065013.92944,pg_catalog,pg_inherits,0,0,199,0,0,0,0,0,0,0,0,0,92,107,,,,
1415065013.92944,information_schema,sql_sizing,0,0,,,0,0,0,0,0,0,0,0,,,0,0,0,0
1415065013.92944,pg_catalog,pg_enum,0,0,0,0,0,0,0,0,0,0,0,0,0,0,,,,
1415065013.92944,pg_toast,pg_toast_2396,0,0,0,0,0,0,0,0,0,0,0,0,0,0,,,,
1415065013.92944,public,lineitem,131,3781367682,46068995,1060768523,60584573,0,540397,0,60043828,540397,88885618,272769475,10316533,191750865,,,,
1415065013.92944,pg_catalog,pg_pltemplate,0,0,0,0,0,0,0,0,0,0,0,0,0,0,,,,
1415065013.92944,pg_toast,pg_toast_2618,0,0,3000,9594,0,0,0,0,0,0,1166,2458,416,4396,,,,
1415065013.92944,pg_toast,pg_toast_3596,0,0,0,0,0,0,0,0,0,0,0,0,0,0,,,,
1415065013.92944,pg_toast,pg_toast_11747,0,0,0,0,0,0,0,0,0,0,0,0,0,0,,,,
1415065013.92944,pg_toast,pg_toast_11727,0,0,0,0,0,0,0,0,0,0,0,0,0,0,,,,
1415065013.92944,pg_toast,pg_toast_2606,0,0,0,0,0,0,0,0,0,0,0,0,0,0,,,,
1415065013.92944,public,region,70107,350140,228,228,5,0,0,0,5,0,22,70236,59,255,,,,
1415065013.92944,pg_toast,pg_toast_2964,0,0,0,0,0,0,0,0,0,0,0,0,0,0,,,,
1415065013.92944,pg_catalog,pg_database,1798,7078,35600,35598,1,0,0,0,1,0,680,36717,4168,50985,,,,
1415065013.92944,information_schema,sql_parts,0,0,,,0,0,0,0,0,0,0,0,,,0,0,0,0
1415065013.92944,pg_toast,pg_toast_2620,0,0,0,0,0,0,0,0,0,0,0,0,0,0,,,,
1415065013.92944,pg_toast,pg_toast_11737,0,0,0,0,0,0,0,0,0,0,0,0,0,0,,,,
1415065013.92944,pg_catalog,pg_depend,0,0,8537,9206,1610,0,1520,0,6685,149,1258,10251,2102,22408,,,,
1415065013.92944,pg_catalog,pg_language,0,0,0,0,0,0,0,0,0,0,0,0,0,0,,,,
1415065013.92944,information_schema,sql_implementation_info,0,0,,,0,0,0,0,0,0,0,0,,,0,0,0,0
1415065013.92944,pg_catalog,pg_amproc,130,260,34943,54445,0,0,0,0,0,0,1089,33613,2973,76100,,,,
1415065013.92944,pg_catalog,pg_collation,0,0,0,0,0,0,0,0,0,0,0,0,0,0,,,,
1415065013.92944,pg_catalog,pg_range,0,0,1439,0,0,0,0,0,0,0,0,0,1436,1442,,,,
1415065013.92944,pg_toast,pg_toast_2609,0,0,0,0,0,0,0,0,0,0,0,0,0,0,,,,
1415065013.92944,public,supplier,100,3800000,39699940,40523364,100000,0,0,0,100000,0,13774,39872374,1755,79618696,,,,
1415065013.92944,pg_catalog,pg_opclass,130,130,46208,529444,0,0,0,0,0,0,2308,205286,3344,56174,,,,
1415065013.92944,pg_toast,pg_toast_11752,0,0,0,0,0,0,0,0,0,0,0,0,0,0,,,,
1415065013.92944,pg_catalog,pg_rewrite,0,0,4848,4518,110,0,110,0,110,34,1435,3804,699,7591,1166,2458,832,8792
1415065013.92944,pg_toast,pg_toast_1255,0,0,0,0,0,0,0,0,0,0,0,0,0,0,,,,
1415065013.92944,pg_catalog,pg_seclabel,0,0,870,0,0,0,0,0,0,0,0,0,90,780,0,0,0,0
1415065013.92944,information_schema,sql_languages,0,0,,,0,0,0,0,0,0,0,0,,,0,0,0,0
1415065013.92944,pg_catalog,pg_ts_parser,0,0,0,0,0,0,0,0,0,0,0,0,0,0,,,,
1415065013.92944,pg_catalog,pg_trigger,0,0,0,0,0,0,0,0,0,0,0,0,0,0,0,0,0,0
1415065013.92944,pg_catalog,pg_shseclabel,0,0,0,0,0,0,0,0,0,0,0,0,0,0,,,,
1415065013.92944,pg_catalog,pg_event_trigger,0,0,399,0,0,0,0,0,0,0,0,0,88,311,,,,
1415065013.92944,pg_toast,pg_toast_11742,0,0,0,0,0,0,0,0,0,0,0,0,0,0,,,,
1415065013.92944,pg_catalog,pg_foreign_table,0,0,0,0,0,0,0,0,0,0,0,0,0,0,,,,
1415065013.92944,information_schema,sql_sizing_profiles,0,0,,,0,0,0,0,0,0,0,0,,,0,0,0,0
1415065013.92944,pg_catalog,pg_extension,0,0,0,0,0,0,0,0,0,0,0,0,0,0,,,,
1415065013.92944,public,time_statistics,283,49211,,,319,283,0,248,319,104,207,1562,,,,,,
1415065013.92944,pg_catalog,pg_ts_config,0,0,0,0,0,0,0,0,0,0,0,0,0,0,,,,
1415065013.92944,public,part,62,56000000,1017,44138950,2000000,0,0,0,2000000,0,1858856,1012722,117765,23436,,,,
1415065013.92944,pg_catalog,pg_shdescription,0,0,0,0,0,0,0,0,0,0,0,0,0,0,0,0,0,0
1415065013.92944,pg_catalog,pg_cast,0,0,243407,63321,0,0,0,0,0,0,1433,61888,1583,250191,,,,
1415065013.92944,pg_catalog,pg_amop,0,0,72310,101679,0,0,0,0,0,0,2973,98706,4982,150833,,,,
1415065013.92944,pg_catalog,pg_user_mapping,0,0,0,0,0,0,0,0,0,0,0,0,0,0,,,,
1415065013.92944,pg_catalog,pg_type,0,0,189840,188328,413,0,394,0,362,32,3635,186478,4349,387455,,,,
1415065013.92944,pg_catalog,pg_largeobject,0,0,0,0,0,0,0,0,0,0,0,0,0,0,,,,
1415065013.92944,pg_catalog,pg_ts_config_map,0,0,0,0,0,0,0,0,0,0,0,0,0,0,,,,
1415065013.92944,pg_catalog,pg_largeobject_metadata,0,0,0,0,0,0,0,0,0,0,0,0,0,0,,,,
1415065013.92944,pg_catalog,pg_am,9350,9350,0,0,0,0,0,0,0,0,935,8415,0,0,,,,
1415065013.92944,pg_toast,pg_toast_11722,0,0,0,0,0,0,0,0,0,0,0,0,0,0,,,,
1415065013.92944,pg_catalog,pg_ts_template,0,0,0,0,0,0,0,0,0,0,0,0,0,0,,,,
1415065013.92944,pg_catalog,pg_foreign_server,0,0,0,0,0,0,0,0,0,0,0,0,0,0,,,,
1415065013.92944,pg_catalog,pg_namespace,1528,15486,64720,56148,12,0,0,0,12,0,819,56888,2078,72729,,,,
1415065013.92944,public,partsupp,61,216000000,582540,26348434,8000000,0,0,0,8000000,0,5276693,25704147,386563,1436393,,,,
1415065013.92944,pg_toast,pg_toast_2619,0,0,13767,45904,841,0,590,0,261,42,4155,18049,527,25484,,,,
1415065013.92944,public,nation,317,3250,281173,281437,25,0,0,0,25,0,25,281280,93,281335,,,,
1415065013.92944,pg_catalog,pg_authid,632,632,17272,17272,0,0,0,0,0,0,799,17105,3228,31316,,,,
1415065013.92944,pg_catalog,pg_default_acl,0,0,836,0,0,0,0,0,0,0,0,0,84,752,,,,
1415065013.92944,pg_catalog,pg_shdepend,0,0,1093,222,0,0,0,0,0,0,88,134,358,1145,,,,
1415065013.92944,pg_catalog,pg_constraint,0,0,72,32,40,0,32,0,10,32,22,205,40,384,0,0,0,0
1415065013.92944,pg_catalog,pg_index,3426,421627,84788,120739,163,0,135,0,143,42,3624,108844,3513,96581,,,,
1415065013.92944,pg_catalog,pg_ts_dict,0,0,0,0,0,0,0,0,0,0,0,0,0,0,,,,
1415065013.92944,pg_toast,pg_toast_2604,0,0,0,0,0,0,0,0,0,0,0,0,0,0,,,,
1415065013.92944,public,customer,118,75000000,1128,18219927,1500000,0,0,0,1500000,0,1936721,4805698,53191,4421,,,,
1415065013.92944,pg_toast,pg_toast_11732,0,0,0,0,0,0,0,0,0,0,0,0,0,0,,,,
1415065013.92944,pg_catalog,pg_proc,0,0,91964,135392,0,0,0,0,0,0,11316,94545,9309,191033,0,0,0,0
1415065073.93151,pg_catalog,pg_attrdef,0,0,0,0,0,0,0,0,0,0,0,0,0,0,0,0,0,0
1415065073.93151,pg_catalog,pg_db_role_setting,0,0,39528,0,0,0,0,0,0,0,0,0,993,38535,0,0,0,0
1415065073.93151,pg_catalog,pg_rowsecurity,0,0,0,0,0,0,0,0,0,0,0,0,0,0,,,,
1415065073.93151,pg_catalog,pg_description,0,0,878,0,0,0,0,0,0,0,0,0,276,1681,0,0,0,0
1415065073.93151,pg_catalog,pg_foreign_data_wrapper,0,0,0,0,0,0,0,0,0,0,0,0,0,0,,,,
1415065073.93151,pg_catalog,pg_conversion,0,0,0,0,0,0,0,0,0,0,0,0,0,0,,,,
1415065073.93151,information_schema,sql_features,0,0,,,0,0,0,0,0,0,0,0,,,0,0,0,0
1415065073.93151,public,orders,190,1320900000,60259261,106940645,15165000,0,150000,0,15015000,150000,17769018,75616213,350927,182384623,,,,
1415065073.93151,pg_catalog,pg_class,6717,1811875,318539,302161,375,127,337,122,341,25,8030,361404,8589,652134,,,,
1415065073.93151,pg_catalog,pg_opfamily,0,0,0,0,0,0,0,0,0,0,0,0,0,0,,,,
1415065073.93151,pg_catalog,pg_auth_members,0,0,0,0,0,0,0,0,0,0,0,0,0,0,,,,
1415065073.93151,pg_catalog,pg_operator,0,0,57805,262589,0,0,0,0,0,0,9479,176559,6494,122205,,,,
1415065073.93151,information_schema,sql_packages,0,0,,,0,0,0,0,0,0,0,0,,,0,0,0,0
1415065073.93151,pg_catalog,pg_attribute,715,4875,221851,442962,1486,50,1308,27,2514,100,11306,239538,5351,455509,,,,
1415065073.93151,pg_catalog,pg_tablespace,2,4,6833,6833,0,0,0,0,0,0,819,6016,1651,12045,,,,
1415065073.93151,pg_catalog,pg_statistic,0,0,47713,43410,354,803,288,486,467,104,5813,40500,2694,101062,4309,18365,538,26130
1415065073.93151,pg_catalog,pg_aggregate,0,0,3892,3892,0,0,0,0,0,0,822,3070,1673,5229,,,,
1415065073.93151,pg_catalog,pg_inherits,0,0,201,0,0,0,0,0,0,0,0,0,94,107,,,,
1415065073.93151,information_schema,sql_sizing,0,0,,,0,0,0,0,0,0,0,0,,,0,0,0,0
1415065073.93151,pg_catalog,pg_enum,0,0,0,0,0,0,0,0,0,0,0,0,0,0,,,,
1415065073.93151,pg_toast,pg_toast_2396,0,0,0,0,0,0,0,0,0,0,0,0,0,0,,,,
1415065073.93151,public,lineitem,137,4141453564,50447213,1139121331,60645061,0,600189,0,60044524,600189,96253074,292036640,11453409,209825105,,,,
1415065073.93151,pg_catalog,pg_pltemplate,0,0,0,0,0,0,0,0,0,0,0,0,0,0,,,,
1415065073.93151,pg_toast,pg_toast_2618,0,0,3005,9610,0,0,0,0,0,0,1171,2459,418,4402,,,,
1415065073.93151,pg_toast,pg_toast_3596,0,0,0,0,0,0,0,0,0,0,0,0,0,0,,,,
1415065073.93151,pg_toast,pg_toast_11747,0,0,0,0,0,0,0,0,0,0,0,0,0,0,,,,
1415065073.93151,pg_toast,pg_toast_11727,0,0,0,0,0,0,0,0,0,0,0,0,0,0,,,,
1415065073.93151,pg_toast,pg_toast_2606,0,0,0,0,0,0,0,0,0,0,0,0,0,0,,,,
1415065073.93151,public,region,89233,445755,250,250,5,0,0,0,5,0,25,89378,69,275,,,,
1415065073.93151,pg_toast,pg_toast_2964,0,0,0,0,0,0,0,0,0,0,0,0,0,0,,,,
1415065073.93151,pg_catalog,pg_database,1801,7090,35914,35912,1,0,0,0,1,0,682,37032,4176,51485,,,,
1415065073.93151,information_schema,sql_parts,0,0,,,0,0,0,0,0,0,0,0,,,0,0,0,0
1415065073.93151,pg_toast,pg_toast_2620,0,0,0,0,0,0,0,0,0,0,0,0,0,0,,,,
1415065073.93151,pg_toast,pg_toast_11737,0,0,0,0,0,0,0,0,0,0,0,0,0,0,,,,
1415065073.93151,pg_catalog,pg_depend,0,0,8612,9282,1623,0,1533,0,6685,162,1283,10324,2149,22567,,,,
1415065073.93151,pg_catalog,pg_language,0,0,0,0,0,0,0,0,0,0,0,0,0,0,,,,
1415065073.93151,information_schema,sql_implementation_info,0,0,,,0,0,0,0,0,0,0,0,,,0,0,0,0
1415065073.93151,pg_catalog,pg_amproc,130,260,35292,54981,0,0,0,0,0,0,1092,33945,2982,76885,,,,
1415065073.93151,pg_catalog,pg_collation,0,0,0,0,0,0,0,0,0,0,0,0,0,0,,,,
1415065073.93151,pg_catalog,pg_range,0,0,1471,0,0,0,0,0,0,0,0,0,1460,1482,,,,
1415065073.93151,pg_toast,pg_toast_2609,0,0,0,0,0,0,0,0,0,0,0,0,0,0,,,,
1415065073.93151,public,supplier,110,4500000,39825465,40730863,100000,0,0,0,100000,0,13774,40027390,1863,79870645,,,,
1415065073.93151,pg_catalog,pg_opclass,130,130,46641,534023,0,0,0,0,0,0,2317,207126,3359,56717,,,,
1415065073.93151,pg_toast,pg_toast_11752,0,0,0,0,0,0,0,0,0,0,0,0,0,0,,,,
1415065073.93151,pg_catalog,pg_rewrite,0,0,4861,4528,111,0,111,0,110,35,1443,3810,706,7606,1171,2459,836,8804
1415065073.93151,pg_toast,pg_toast_1255,0,0,0,0,0,0,0,0,0,0,0,0,0,0,,,,
1415065073.93151,pg_catalog,pg_seclabel,0,0,878,0,0,0,0,0,0,0,0,0,91,787,0,0,0,0
1415065073.93151,information_schema,sql_languages,0,0,,,0,0,0,0,0,0,0,0,,,0,0,0,0
1415065073.93151,pg_catalog,pg_ts_parser,0,0,0,0,0,0,0,0,0,0,0,0,0,0,,,,
1415065073.93151,pg_catalog,pg_trigger,0,0,0,0,0,0,0,0,0,0,0,0,0,0,0,0,0,0
1415065073.93151,pg_catalog,pg_shseclabel,0,0,0,0,0,0,0,0,0,0,0,0,0,0,,,,
1415065073.93151,pg_catalog,pg_event_trigger,0,0,401,0,0,0,0,0,0,0,0,0,90,311,,,,
1415065073.93151,pg_toast,pg_toast_11742,0,0,0,0,0,0,0,0,0,0,0,0,0,0,,,,
1415065073.93151,pg_catalog,pg_foreign_table,0,0,0,0,0,0,0,0,0,0,0,0,0,0,,,,
1415065073.93151,information_schema,sql_sizing_profiles,0,0,,,0,0,0,0,0,0,0,0,,,0,0,0,0
1415065073.93151,pg_catalog,pg_extension,0,0,0,0,0,0,0,0,0,0,0,0,0,0,,,,
1415065073.93151,public,time_statistics,313,59214,,,349,313,0,278,349,75,273,1746,,,,,,
1415065073.93151,pg_catalog,pg_ts_config,0,0,0,0,0,0,0,0,0,0,0,0,0,0,,,,
1415065073.93151,public,part,64,60000000,1062,58167821,2000000,0,0,0,2000000,0,2126072,1140356,145334,34485,,,,
1415065073.93151,pg_catalog,pg_shdescription,0,0,0,0,0,0,0,0,0,0,0,0,0,0,0,0,0,0
1415065073.93151,pg_catalog,pg_cast,0,0,246323,64019,0,0,0,0,0,0,1441,62578,1587,253197,,,,
1415065073.93151,pg_catalog,pg_amop,0,0,72950,102669,0,0,0,0,0,0,2985,99684,5008,152183,,,,
1415065073.93151,pg_catalog,pg_user_mapping,0,0,0,0,0,0,0,0,0,0,0,0,0,0,,,,
1415065073.93151,pg_catalog,pg_type,0,0,192196,190669,417,0,398,0,362,36,3661,188807,4380,392270,,,,
1415065073.93151,pg_catalog,pg_largeobject,0,0,0,0,0,0,0,0,0,0,0,0,0,0,,,,
1415065073.93151,pg_catalog,pg_ts_config_map,0,0,0,0,0,0,0,0,0,0,0,0,0,0,,,,
1415065073.93151,pg_catalog,pg_largeobject_metadata,0,0,0,0,0,0,0,0,0,0,0,0,0,0,,,,
1415065073.93151,pg_catalog,pg_am,9447,9447,0,0,0,0,0,0,0,0,938,8509,0,0,,,,
1415065073.93151,pg_toast,pg_toast_11722,0,0,0,0,0,0,0,0,0,0,0,0,0,0,,,,
1415065073.93151,pg_catalog,pg_ts_template,0,0,0,0,0,0,0,0,0,0,0,0,0,0,,,,
1415065073.93151,pg_catalog,pg_foreign_server,0,0,0,0,0,0,0,0,0,0,0,0,0,0,,,,
1415065073.93151,pg_catalog,pg_namespace,1530,15522,65140,56473,12,0,0,0,12,0,821,57213,2088,73238,,,,
1415065073.93151,public,partsupp,61,216000000,756462,32217590,8000000,0,0,0,8000000,0,5948880,30595853,488722,1873102,,,,
1415065073.93151,pg_toast,pg_toast_2619,0,0,14078,46999,843,0,592,0,261,44,4309,18365,538,26130,,,,
1415065073.93151,public,nation,333,3650,357718,358054,25,0,0,0,25,0,31,357835,105,357883,,,,
1415065073.93151,pg_catalog,pg_authid,633,633,17463,17463,0,0,0,0,0,0,801,17295,3236,31690,,,,
1415065073.93151,pg_catalog,pg_default_acl,0,0,844,0,0,0,0,0,0,0,0,0,86,758,,,,
1415065073.93151,pg_catalog,pg_shdepend,0,0,1103,224,0,0,0,0,0,0,90,134,365,1152,,,,
1415065073.93151,pg_catalog,pg_constraint,0,0,72,32,40,0,32,0,10,32,22,205,40,384,0,0,0,0
1415065073.93151,pg_catalog,pg_index,3431,422342,85575,121868,164,0,136,0,143,43,3648,109956,3527,97487,,,,
1415065073.93151,pg_catalog,pg_ts_dict,0,0,0,0,0,0,0,0,0,0,0,0,0,0,,,,
1415065073.93151,pg_toast,pg_toast_2604,0,0,0,0,0,0,0,0,0,0,0,0,0,0,,,,
1415065073.93151,public,customer,122,81000000,1190,20021097,1500000,0,0,0,1500000,0,2113139,5532109,58544,4557,,,,
1415065073.93151,pg_toast,pg_toast_11732,0,0,0,0,0,0,0,0,0,0,0,0,0,0,,,,
1415065073.93151,pg_catalog,pg_proc,0,0,92688,136422,0,0,0,0,0,0,11431,95193,9364,192614,0,0,0,0
1415065133.93455,pg_catalog,pg_attrdef,0,0,0,0,0,0,0,0,0,0,0,0,0,0,0,0,0,0
1415065133.93455,pg_catalog,pg_db_role_setting,0,0,40044,0,0,0,0,0,0,0,0,0,995,39049,0,0,0,0
1415065133.93455,pg_catalog,pg_rowsecurity,0,0,0,0,0,0,0,0,0,0,0,0,0,0,,,,
1415065133.93455,pg_catalog,pg_description,0,0,886,0,0,0,0,0,0,0,0,0,282,1693,0,0,0,0
1415065133.93455,pg_catalog,pg_foreign_data_wrapper,0,0,0,0,0,0,0,0,0,0,0,0,0,0,,,,
1415065133.93455,pg_catalog,pg_conversion,0,0,0,0,0,0,0,0,0,0,0,0,0,0,,,,
1415065133.93455,information_schema,sql_features,0,0,,,0,0,0,0,0,0,0,0,,,0,0,0,0
1415065133.93455,public,orders,204,1531095000,76575081,127251685,15180000,0,180000,0,15000000,180000,20685448,93579841,383846,231535259,,,,
1415065133.93455,pg_catalog,pg_class,6738,1814936,320811,304125,379,127,341,122,341,29,8059,363505,8619,656936,,,,
1415065133.93455,pg_catalog,pg_opfamily,0,0,0,0,0,0,0,0,0,0,0,0,0,0,,,,
1415065133.93455,pg_catalog,pg_auth_members,0,0,0,0,0,0,0,0,0,0,0,0,0,0,,,,
1415065133.93455,pg_catalog,pg_operator,0,0,58537,267328,0,0,0,0,0,0,9528,179682,6529,123805,,,,
1415065133.93455,information_schema,sql_packages,0,0,,,0,0,0,0,0,0,0,0,,,0,0,0,0
1415065133.93455,pg_catalog,pg_attribute,726,4950,223679,447171,1502,50,1324,27,2514,116,11414,241590,5375,459339,,,,
1415065133.93455,pg_catalog,pg_tablespace,2,4,6917,6917,0,0,0,0,0,0,825,6094,1663,12201,,,,
1415065133.93455,pg_catalog,pg_statistic,0,0,48277,43966,356,833,290,516,467,104,5924,40988,2708,102265,4568,18675,554,26904
1415065133.93455,pg_catalog,pg_aggregate,0,0,3949,3949,0,0,0,0,0,0,832,3117,1697,5299,,,,
1415065133.93455,pg_catalog,pg_inherits,0,0,203,0,0,0,0,0,0,0,0,0,96,107,,,,
1415065133.93455,information_schema,sql_sizing,0,0,,,0,0,0,0,0,0,0,0,,,0,0,0,0
1415065133.93455,pg_catalog,pg_enum,0,0,0,0,0,0,0,0,0,0,0,0,0,0,,,,
1415065133.93455,pg_toast,pg_toast_2396,0,0,0,0,0,0,0,0,0,0,0,0,0,0,,,,
1415065133.93455,public,lineitem,144,4561644264,61041992,1373467758,60705229,0,720377,0,59984504,720377,107732815,343015359,13418204,252453251,,,,
1415065133.93455,pg_catalog,pg_pltemplate,0,0,0,0,0,0,0,0,0,0,0,0,0,0,,,,
1415065133.93455,pg_toast,pg_toast_2618,0,0,3010,9626,0,0,0,0,0,0,1176,2460,420,4408,,,,
1415065133.93455,pg_toast,pg_toast_3596,0,0,0,0,0,0,0,0,0,0,0,0,0,0,,,,
1415065133.93455,pg_toast,pg_toast_11747,0,0,0,0,0,0,0,0,0,0,0,0,0,0,,,,
1415065133.93455,pg_toast,pg_toast_11727,0,0,0,0,0,0,0,0,0,0,0,0,0,0,,,,
1415065133.93455,pg_toast,pg_toast_2606,0,0,0,0,0,0,0,0,0,0,0,0,0,0,,,,
1415065133.93455,public,region,101861,508885,262,262,5,0,0,0,5,0,27,102014,76,284,,,,
1415065133.93455,pg_toast,pg_toast_2964,0,0,0,0,0,0,0,0,0,0,0,0,0,0,,,,
1415065133.93455,pg_catalog,pg_database,1804,7102,36325,36323,1,0,0,0,1,0,683,37445,4184,52146,,,,
1415065133.93455,information_schema,sql_parts,0,0,,,0,0,0,0,0,0,0,0,,,0,0,0,0
1415065133.93455,pg_toast,pg_toast_2620,0,0,0,0,0,0,0,0,0,0,0,0,0,0,,,,
1415065133.93455,pg_toast,pg_toast_11737,0,0,0,0,0,0,0,0,0,0,0,0,0,0,,,,
1415065133.93455,pg_catalog,pg_depend,0,0,8674,9330,1631,0,1541,0,6685,170,1303,10376,2193,22683,,,,
1415065133.93455,pg_catalog,pg_language,0,0,0,0,0,0,0,0,0,0,0,0,0,0,,,,
1415065133.93455,information_schema,sql_implementation_info,0,0,,,0,0,0,0,0,0,0,0,,,0,0,0,0
1415065133.93455,pg_catalog,pg_amproc,132,264,35794,55733,0,0,0,0,0,0,1095,34429,2985,78015,,,,
1415065133.93455,pg_catalog,pg_collation,0,0,0,0,0,0,0,0,0,0,0,0,0,0,,,,
1415065133.93455,pg_catalog,pg_range,0,0,1513,0,0,0,0,0,0,0,0,0,1476,1550,,,,
1415065133.93455,pg_toast,pg_toast_2609,0,0,0,0,0,0,0,0,0,0,0,0,0,0,,,,
1415065133.93455,public,supplier,117,5000000,49683204,50612915,100000,0,0,0,100000,0,13774,49907214,1975,99640323,,,,
1415065133.93455,pg_catalog,pg_opclass,132,132,47281,541436,0,0,0,0,0,0,2322,210047,3377,57509,,,,
1415065133.93455,pg_toast,pg_toast_11752,0,0,0,0,0,0,0,0,0,0,0,0,0,0,,,,
1415065133.93455,pg_catalog,pg_rewrite,0,0,4868,4535,111,0,111,0,110,35,1448,3812,708,7616,1176,2460,840,8816
1415065133.93455,pg_toast,pg_toast_1255,0,0,0,0,0,0,0,0,0,0,0,0,0,0,,,,
1415065133.93455,pg_catalog,pg_seclabel,0,0,886,0,0,0,0,0,0,0,0,0,93,793,0,0,0,0
1415065133.93455,information_schema,sql_languages,0,0,,,0,0,0,0,0,0,0,0,,,0,0,0,0
1415065133.93455,pg_catalog,pg_ts_parser,0,0,0,0,0,0,0,0,0,0,0,0,0,0,,,,
1415065133.93455,pg_catalog,pg_trigger,0,0,0,0,0,0,0,0,0,0,0,0,0,0,0,0,0,0
1415065133.93455,pg_catalog,pg_shseclabel,0,0,0,0,0,0,0,0,0,0,0,0,0,0,,,,
1415065133.93455,pg_catalog,pg_event_trigger,0,0,403,0,0,0,0,0,0,0,0,0,92,311,,,,
1415065133.93455,pg_toast,pg_toast_11742,0,0,0,0,0,0,0,0,0,0,0,0,0,0,,,,
1415065133.93455,pg_catalog,pg_foreign_table,0,0,0,0,0,0,0,0,0,0,0,0,0,0,,,,
1415065133.93455,information_schema,sql_sizing_profiles,0,0,,,0,0,0,0,0,0,0,0,,,0,0,0,0
1415065133.93455,pg_catalog,pg_extension,0,0,0,0,0,0,0,0,0,0,0,0,0,0,,,,
1415065133.93455,public,time_statistics,354,74341,,,390,354,0,306,390,59,319,2129,,,,,,
1415065133.93455,pg_catalog,pg_ts_config,0,0,0,0,0,0,0,0,0,0,0,0,0,0,,,,
1415065133.93455,public,part,68,68000000,1171,62851626,2000000,0,0,0,2000000,0,2376325,1254680,161431,36872,,,,
1415065133.93455,pg_catalog,pg_shdescription,0,0,0,0,0,0,0,0,0,0,0,0,0,0,0,0,0,0
1415065133.93455,pg_catalog,pg_cast,0,0,250527,64890,0,0,0,0,0,0,1449,63441,1593,257521,,,,
1415065133.93455,pg_catalog,pg_amop,0,0,73863,104073,0,0,0,0,0,0,2998,101075,5038,154106,,,,
1415065133.93455,pg_catalog,pg_user_mapping,0,0,0,0,0,0,0,0,0,0,0,0,0,0,,,,
1415065133.93455,pg_catalog,pg_type,0,0,195280,193723,421,0,402,0,360,40,3691,191856,4436,398555,,,,
1415065133.93455,pg_catalog,pg_largeobject,0,0,0,0,0,0,0,0,0,0,0,0,0,0,,,,
1415065133.93455,pg_catalog,pg_ts_config_map,0,0,0,0,0,0,0,0,0,0,0,0,0,0,,,,
1415065133.93455,pg_catalog,pg_largeobject_metadata,0,0,0,0,0,0,0,0,0,0,0,0,0,0,,,,
1415065133.93455,pg_catalog,pg_am,9578,9578,0,0,0,0,0,0,0,0,939,8639,0,0,,,,
1415065133.93455,pg_toast,pg_toast_11722,0,0,0,0,0,0,0,0,0,0,0,0,0,0,,,,
1415065133.93455,pg_catalog,pg_ts_template,0,0,0,0,0,0,0,0,0,0,0,0,0,0,,,,
1415065133.93455,pg_catalog,pg_foreign_server,0,0,0,0,0,0,0,0,0,0,0,0,0,0,,,,
1415065133.93455,pg_catalog,pg_namespace,1532,15558,65647,56852,12,0,0,0,12,0,823,57592,2096,73868,,,,
1415065133.93455,public,partsupp,66,256000000,817298,36118562,8000000,0,0,0,8000000,0,6922924,34341165,537088,2018132,,,,
1415065133.93455,pg_toast,pg_toast_2619,0,0,14446,48266,849,0,598,0,261,50,4568,18675,554,26904,,,,
1415065133.93455,public,nation,352,4125,408275,408635,25,0,0,0,25,0,35,408407,121,408440,,,,
1415065133.93455,pg_catalog,pg_authid,634,634,17718,17718,0,0,0,0,0,0,803,17549,3244,32192,,,,
1415065133.93455,pg_catalog,pg_default_acl,0,0,852,0,0,0,0,0,0,0,0,0,88,764,,,,
1415065133.93455,pg_catalog,pg_shdepend,0,0,1113,226,0,0,0,0,0,0,92,134,373,1158,,,,
1415065133.93455,pg_catalog,pg_constraint,0,0,72,32,40,0,32,0,10,32,22,205,40,384,0,0,0,0
1415065133.93455,pg_catalog,pg_index,3443,423064,86574,123274,166,0,138,0,143,45,3672,111355,3541,98650,,,,
1415065133.93455,pg_catalog,pg_ts_dict,0,0,0,0,0,0,0,0,0,0,0,0,0,0,,,,
1415065133.93455,pg_toast,pg_toast_2604,0,0,0,0,0,0,0,0,0,0,0,0,0,0,,,,
1415065133.93455,public,customer,134,99000000,1274,21767135,1500000,0,0,0,1500000,0,2412885,6087444,63475,4728,,,,
1415065133.93455,pg_toast,pg_toast_11732,0,0,0,0,0,0,0,0,0,0,0,0,0,0,,,,
1415065133.93455,pg_catalog,pg_proc,0,0,93600,137646,0,0,0,0,0,0,11593,95997,9440,194615,0,0,0,0
1415065193.93876,pg_catalog,pg_attrdef,0,0,0,0,0,0,0,0,0,0,0,0,0,0,0,0,0,0
1415065193.93876,pg_catalog,pg_db_role_setting,0,0,40632,0,0,0,0,0,0,0,0,0,996,39636,0,0,0,0
1415065193.93876,pg_catalog,pg_rowsecurity,0,0,0,0,0,0,0,0,0,0,0,0,0,0,,,,
1415065193.93876,pg_catalog,pg_description,0,0,898,0,0,0,0,0,0,0,0,0,286,1716,0,0,0,0
1415065193.93876,pg_catalog,pg_foreign_data_wrapper,0,0,0,0,0,0,0,0,0,0,0,0,0,0,,,,
1415065193.93876,pg_catalog,pg_conversion,0,0,0,0,0,0,0,0,0,0,0,0,0,0,,,,
1415065193.93876,information_schema,sql_features,0,0,,,0,0,0,0,0,0,0,0,,,0,0,0,0
1415065193.93876,public,orders,219,1756245000,86112938,138486958,15210000,0,195000,0,15015000,195000,23337857,105018281,441887,260418629,,,,
1415065193.93876,pg_catalog,pg_class,6748,1817986,323468,306442,383,129,345,124,341,35,8099,365915,8650,662546,,,,
1415065193.93876,pg_catalog,pg_opfamily,0,0,0,0,0,0,0,0,0,0,0,0,0,0,,,,
1415065193.93876,pg_catalog,pg_auth_members,0,0,0,0,0,0,0,0,0,0,0,0,0,0,,,,
1415065193.93876,pg_catalog,pg_operator,0,0,59576,274437,0,0,0,0,0,0,9545,184481,6554,126085,,,,
1415065193.93876,information_schema,sql_packages,0,0,,,0,0,0,0,0,0,0,0,,,0,0,0,0
1415065193.93876,pg_catalog,pg_attribute,726,4950,225864,452130,1514,50,1336,27,2514,128,11498,243873,5403,463877,,,,
1415065193.93876,pg_catalog,pg_tablespace,2,4,7025,7025,0,0,0,0,0,0,827,6200,1667,12413,,,,
1415065193.93876,pg_catalog,pg_statistic,0,0,48929,44609,357,836,291,519,467,108,6034,41531,2714,103674,4853,19157,567,28068
1415065193.93876,pg_catalog,pg_aggregate,0,0,4004,4004,0,0,0,0,0,0,840,3164,1714,5383,,,,
1415065193.93876,pg_catalog,pg_inherits,0,0,206,0,0,0,0,0,0,0,0,0,98,108,,,,
1415065193.93876,information_schema,sql_sizing,0,0,,,0,0,0,0,0,0,0,0,,,0,0,0,0
1415065193.93876,pg_catalog,pg_enum,0,0,0,0,0,0,0,0,0,0,0,0,0,0,,,,
1415065193.93876,pg_toast,pg_toast_2396,0,0,0,0,0,0,0,0,0,0,0,0,0,0,,,,
1415065193.93876,public,lineitem,158,5402094722,66956391,1565149849,60825169,0,780136,0,60044685,780136,124167089,395114411,14885224,278129715,,,,
1415065193.93876,pg_catalog,pg_pltemplate,0,0,0,0,0,0,0,0,0,0,0,0,0,0,,,,
1415065193.93876,pg_toast,pg_toast_2618,0,0,3015,9642,0,0,0,0,0,0,1181,2461,422,4414,,,,
1415065193.93876,pg_toast,pg_toast_3596,0,0,0,0,0,0,0,0,0,0,0,0,0,0,,,,
1415065193.93876,pg_toast,pg_toast_11747,0,0,0,0,0,0,0,0,0,0,0,0,0,0,,,,
1415065193.93876,pg_toast,pg_toast_11727,0,0,0,0,0,0,0,0,0,0,0,0,0,0,,,,
1415065193.93876,pg_toast,pg_toast_2606,0,0,0,0,0,0,0,0,0,0,0,0,0,0,,,,
1415065193.93876,public,region,108298,541065,266,266,5,0,0,0,5,0,27,108454,78,287,,,,
1415065193.93876,pg_toast,pg_toast_2964,0,0,0,0,0,0,0,0,0,0,0,0,0,0,,,,
1415065193.93876,pg_catalog,pg_database,1807,7114,36790,36788,1,0,0,0,1,0,684,37912,4188,52901,,,,
1415065193.93876,information_schema,sql_parts,0,0,,,0,0,0,0,0,0,0,0,,,0,0,0,0
1415065193.93876,pg_toast,pg_toast_2620,0,0,0,0,0,0,0,0,0,0,0,0,0,0,,,,
1415065193.93876,pg_toast,pg_toast_11737,0,0,0,0,0,0,0,0,0,0,0,0,0,0,,,,
1415065193.93876,pg_catalog,pg_depend,0,0,8793,9458,1653,0,1563,0,6685,192,1341,10498,2255,22953,,,,
1415065193.93876,pg_catalog,pg_language,0,0,0,0,0,0,0,0,0,0,0,0,0,0,,,,
1415065193.93876,information_schema,sql_implementation_info,0,0,,,0,0,0,0,0,0,0,0,,,0,0,0,0
1415065193.93876,pg_catalog,pg_amproc,132,264,36388,56664,0,0,0,0,0,0,1096,35005,2988,79343,,,,
1415065193.93876,pg_catalog,pg_collation,0,0,0,0,0,0,0,0,0,0,0,0,0,0,,,,
1415065193.93876,pg_catalog,pg_range,0,0,1570,0,0,0,0,0,0,0,0,0,1488,1652,,,,
1415065193.93876,pg_toast,pg_toast_2609,0,0,0,0,0,0,0,0,0,0,0,0,0,0,,,,
1415065193.93876,public,supplier,120,5200000,56228499,57327037,100000,0,0,0,100000,0,15909,56479914,2169,112767027,,,,
1415065193.93876,pg_catalog,pg_opclass,132,132,48042,549555,0,0,0,0,0,0,2329,213313,3392,58442,,,,
1415065193.93876,pg_toast,pg_toast_11752,0,0,0,0,0,0,0,0,0,0,0,0,0,0,,,,
1415065193.93876,pg_catalog,pg_rewrite,0,0,4887,4548,113,0,113,0,110,37,1459,3822,722,7634,1181,2461,844,8828
1415065193.93876,pg_toast,pg_toast_1255,0,0,0,0,0,0,0,0,0,0,0,0,0,0,,,,
1415065193.93876,pg_catalog,pg_seclabel,0,0,898,0,0,0,0,0,0,0,0,0,94,804,0,0,0,0
1415065193.93876,information_schema,sql_languages,0,0,,,0,0,0,0,0,0,0,0,,,0,0,0,0
1415065193.93876,pg_catalog,pg_ts_parser,0,0,0,0,0,0,0,0,0,0,0,0,0,0,,,,
1415065193.93876,pg_catalog,pg_trigger,0,0,0,0,0,0,0,0,0,0,0,0,0,0,0,0,0,0
1415065193.93876,pg_catalog,pg_shseclabel,0,0,0,0,0,0,0,0,0,0,0,0,0,0,,,,
1415065193.93876,pg_catalog,pg_event_trigger,0,0,406,0,0,0,0,0,0,0,0,0,95,311,,,,
1415065193.93876,pg_toast,pg_toast_11742,0,0,0,0,0,0,0,0,0,0,0,0,0,0,,,,
1415065193.93876,pg_catalog,pg_foreign_table,0,0,0,0,0,0,0,0,0,0,0,0,0,0,,,,
1415065193.93876,information_schema,sql_sizing_profiles,0,0,,,0,0,0,0,0,0,0,0,,,0,0,0,0
1415065193.93876,pg_catalog,pg_extension,0,0,0,0,0,0,0,0,0,0,0,0,0,0,,,,
1415065193.93876,public,time_statistics,411,97947,,,431,411,0,352,431,93,351,2549,,,,,,
1415065193.93876,pg_catalog,pg_ts_config,0,0,0,0,0,0,0,0,0,0,0,0,0,0,,,,
1415065193.93876,public,part,73,78000000,1314,73540360,2000000,0,0,0,2000000,0,2785423,1378749,191104,47339,,,,
1415065193.93876,pg_catalog,pg_shdescription,0,0,0,0,0,0,0,0,0,0,0,0,0,0,0,0,0,0
1415065193.93876,pg_catalog,pg_cast,0,0,255899,66021,0,0,0,0,0,0,1452,64569,1595,263041,,,,
1415065193.93876,pg_catalog,pg_amop,0,0,74910,105716,0,0,0,0,0,0,3004,102712,5061,156336,,,,
1415065193.93876,pg_catalog,pg_user_mapping,0,0,0,0,0,0,0,0,0,0,0,0,0,0,,,,
1415065193.93876,pg_catalog,pg_type,0,0,199486,197907,427,0,408,0,360,46,3712,196040,4476,407135,,,,
1415065193.93876,pg_catalog,pg_largeobject,0,0,0,0,0,0,0,0,0,0,0,0,0,0,,,,
1415065193.93876,pg_catalog,pg_ts_config_map,0,0,0,0,0,0,0,0,0,0,0,0,0,0,,,,
1415065193.93876,pg_catalog,pg_largeobject_metadata,0,0,0,0,0,0,0,0,0,0,0,0,0,0,,,,
1415065193.93876,pg_catalog,pg_am,9722,9722,0,0,0,0,0,0,0,0,940,8782,0,0,,,,
1415065193.93876,pg_toast,pg_toast_11722,0,0,0,0,0,0,0,0,0,0,0,0,0,0,,,,
1415065193.93876,pg_catalog,pg_ts_template,0,0,0,0,0,0,0,0,0,0,0,0,0,0,,,,
1415065193.93876,pg_catalog,pg_foreign_server,0,0,0,0,0,0,0,0,0,0,0,0,0,0,,,,
1415065193.93876,pg_catalog,pg_namespace,1534,15594,66223,57276,12,0,0,0,12,0,824,58017,2106,74591,,,,
1415065193.93876,public,partsupp,70,288000000,954649,39993714,8000000,0,0,0,8000000,0,8054839,37498393,619354,2359270,,,,
1415065193.93876,pg_toast,pg_toast_2619,0,0,14983,49951,856,0,600,0,266,52,4853,19157,567,28068,,,,
1415065193.93876,public,nation,371,4600,434063,434423,25,0,0,0,25,0,40,434209,138,434226,,,,
1415065193.93876,pg_catalog,pg_authid,635,635,18009,18009,0,0,0,0,0,0,804,17840,3248,32770,,,,
1415065193.93876,pg_catalog,pg_default_acl,0,0,864,0,0,0,0,0,0,0,0,0,91,773,,,,
1415065193.93876,pg_catalog,pg_shdepend,0,0,1128,229,0,0,0,0,0,0,95,134,382,1170,,,,
1415065193.93876,pg_catalog,pg_constraint,0,0,72,32,40,0,32,0,10,32,22,205,40,384,0,0,0,0
1415065193.93876,pg_catalog,pg_index,3448,423779,87846,125078,167,0,139,0,143,46,3697,113136,3553,100148,,,,
1415065193.93876,pg_catalog,pg_ts_dict,0,0,0,0,0,0,0,0,0,0,0,0,0,0,,,,
1415065193.93876,pg_toast,pg_toast_2604,0,0,0,0,0,0,0,0,0,0,0,0,0,0,,,,
1415065193.93876,public,customer,141,109500000,1346,24139465,1500000,0,0,0,1500000,0,2677270,6352176,72056,4895,,,,
1415065193.93876,pg_toast,pg_toast_11732,0,0,0,0,0,0,0,0,0,0,0,0,0,0,,,,
1415065193.93876,pg_catalog,pg_proc,0,0,94705,139162,0,0,0,0,0,0,11743,96991,9491,197075,0,0,0,0
1415065253.94331,pg_catalog,pg_attrdef,0,0,0,0,0,0,0,0,0,0,0,0,0,0,0,0,0,0
1415065253.94331,pg_catalog,pg_db_role_setting,0,0,40808,0,0,0,0,0,0,0,0,0,996,39812,0,0,0,0
1415065253.94331,pg_catalog,pg_rowsecurity,0,0,0,0,0,0,0,0,0,0,0,0,0,0,,,,
1415065253.94331,pg_catalog,pg_description,0,0,906,0,0,0,0,0,0,0,0,0,289,1731,0,0,0,0
1415065253.94331,pg_catalog,pg_foreign_data_wrapper,0,0,0,0,0,0,0,0,0,0,0,0,0,0,,,,
1415065253.94331,pg_catalog,pg_conversion,0,0,0,0,0,0,0,0,0,0,0,0,0,0,,,,
1415065253.94331,information_schema,sql_features,0,0,,,0,0,0,0,0,0,0,0,,,0,0,0,0
1415065253.94331,public,orders,222,1801290000,88067251,146143601,15225000,0,210000,0,15015000,210000,24356627,107715765,518531,266367620,,,,
1415065253.94331,pg_catalog,pg_class,6759,1821373,324616,307416,386,130,348,125,341,39,8113,367012,8664,664951,,,,
1415065253.94331,pg_catalog,pg_opfamily,0,0,0,0,0,0,0,0,0,0,0,0,0,0,,,,
1415065253.94331,pg_catalog,pg_auth_members,0,0,0,0,0,0,0,0,0,0,0,0,0,0,,,,
1415065253.94331,pg_catalog,pg_operator,0,0,59892,276694,0,0,0,0,0,0,9545,185978,6561,126795,,,,
1415065253.94331,information_schema,sql_packages,0,0,,,0,0,0,0,0,0,0,0,,,0,0,0,0
1415065253.94331,pg_catalog,pg_attribute,726,4950,226751,454084,1524,50,1346,27,2514,138,11540,244793,5416,465729,,,,
1415065253.94331,pg_catalog,pg_tablespace,2,4,7066,7066,0,0,0,0,0,0,827,6241,1667,12495,,,,
1415065253.94331,pg_catalog,pg_statistic,0,0,49153,44823,358,836,292,519,467,100,6075,41709,2717,104164,4934,19305,567,28464
1415065253.94331,pg_catalog,pg_aggregate,0,0,4018,4018,0,0,0,0,0,0,844,3174,1722,5402,,,,
1415065253.94331,pg_catalog,pg_inherits,0,0,208,0,0,0,0,0,0,0,0,0,99,109,,,,
1415065253.94331,information_schema,sql_sizing,0,0,,,0,0,0,0,0,0,0,0,,,0,0,0,0
1415065253.94331,pg_catalog,pg_enum,0,0,0,0,0,0,0,0,0,0,0,0,0,0,,,,
1415065253.94331,pg_toast,pg_toast_2396,0,0,0,0,0,0,0,0,0,0,0,0,0,0,,,,
1415065253.94331,public,lineitem,159,5462139755,71705753,1633040901,60884986,0,840193,0,60044445,840193,128866951,400902686,15870202,297769531,,,,
1415065253.94331,pg_catalog,pg_pltemplate,0,0,0,0,0,0,0,0,0,0,0,0,0,0,,,,
1415065253.94331,pg_toast,pg_toast_2618,0,0,3021,9660,0,0,0,0,0,0,1187,2462,426,4420,,,,
1415065253.94331,pg_toast,pg_toast_3596,0,0,0,0,0,0,0,0,0,0,0,0,0,0,,,,
1415065253.94331,pg_toast,pg_toast_11747,0,0,0,0,0,0,0,0,0,0,0,0,0,0,,,,
1415065253.94331,pg_toast,pg_toast_11727,0,0,0,0,0,0,0,0,0,0,0,0,0,0,,,,
1415065253.94331,pg_toast,pg_toast_2606,0,0,0,0,0,0,0,0,0,0,0,0,0,0,,,,
1415065253.94331,public,region,108301,541080,272,272,5,0,0,0,5,0,30,108460,84,290,,,,
1415065253.94331,pg_toast,pg_toast_2964,0,0,0,0,0,0,0,0,0,0,0,0,0,0,,,,
1415065253.94331,pg_catalog,pg_database,1810,7126,36936,36934,1,0,0,0,1,0,684,38061,4188,53135,,,,
1415065253.94331,information_schema,sql_parts,0,0,,,0,0,0,0,0,0,0,0,,,0,0,0,0
1415065253.94331,pg_toast,pg_toast_2620,0,0,0,0,0,0,0,0,0,0,0,0,0,0,,,,
1415065253.94331,pg_toast,pg_toast_11737,0,0,0,0,0,0,0,0,0,0,0,0,0,0,,,,
1415065253.94331,pg_catalog,pg_depend,0,0,8868,9534,1666,0,1576,0,6685,205,1366,10569,2299,23115,,,,
1415065253.94331,pg_catalog,pg_language,0,0,0,0,0,0,0,0,0,0,0,0,0,0,,,,
1415065253.94331,information_schema,sql_implementation_info,0,0,,,0,0,0,0,0,0,0,0,,,0,0,0,0
1415065253.94331,pg_catalog,pg_amproc,132,264,36585,56976,0,0,0,0,0,0,1096,35195,2988,79782,,,,
1415065253.94331,pg_catalog,pg_collation,0,0,0,0,0,0,0,0,0,0,0,0,0,0,,,,
1415065253.94331,pg_catalog,pg_range,0,0,1594,0,0,0,0,0,0,0,0,0,1488,1700,,,,
1415065253.94331,pg_toast,pg_toast_2609,0,0,0,0,0,0,0,0,0,0,0,0,0,0,,,,
1415065253.94331,public,supplier,123,5500000,56252938,57405530,100000,0,0,0,100000,0,19777,56510135,2472,112815905,,,,
1415065253.94331,pg_catalog,pg_opclass,132,132,48262,551486,0,0,0,0,0,0,2331,214111,3396,58718,,,,
1415065253.94331,pg_toast,pg_toast_11752,0,0,0,0,0,0,0,0,0,0,0,0,0,0,,,,
1415065253.94331,pg_catalog,pg_rewrite,0,0,4902,4560,114,0,114,0,110,38,1470,3830,730,7652,1187,2462,852,8840
1415065253.94331,pg_toast,pg_toast_1255,0,0,0,0,0,0,0,0,0,0,0,0,0,0,,,,
1415065253.94331,pg_catalog,pg_seclabel,0,0,906,0,0,0,0,0,0,0,0,0,95,811,0,0,0,0
1415065253.94331,information_schema,sql_languages,0,0,,,0,0,0,0,0,0,0,0,,,0,0,0,0
1415065253.94331,pg_catalog,pg_ts_parser,0,0,0,0,0,0,0,0,0,0,0,0,0,0,,,,
1415065253.94331,pg_catalog,pg_trigger,0,0,0,0,0,0,0,0,0,0,0,0,0,0,0,0,0,0
1415065253.94331,pg_catalog,pg_shseclabel,0,0,0,0,0,0,0,0,0,0,0,0,0,0,,,,
1415065253.94331,pg_catalog,pg_event_trigger,0,0,408,0,0,0,0,0,0,0,0,0,97,311,,,,
1415065253.94331,pg_toast,pg_toast_11742,0,0,0,0,0,0,0,0,0,0,0,0,0,0,,,,
1415065253.94331,pg_catalog,pg_foreign_table,0,0,0,0,0,0,0,0,0,0,0,0,0,0,,,,
1415065253.94331,information_schema,sql_sizing_profiles,0,0,,,0,0,0,0,0,0,0,0,,,0,0,0,0
1415065253.94331,pg_catalog,pg_extension,0,0,0,0,0,0,0,0,0,0,0,0,0,0,,,,
1415065253.94331,public,time_statistics,434,107934,,,438,434,0,372,438,102,352,2706,,,,,,
1415065253.94331,pg_catalog,pg_ts_config,0,0,0,0,0,0,0,0,0,0,0,0,0,0,,,,
1415065253.94331,public,part,74,80000000,1331,73874412,2000000,0,0,0,2000000,0,2873433,1383162,191993,47473,,,,
1415065253.94331,pg_catalog,pg_shdescription,0,0,0,0,0,0,0,0,0,0,0,0,0,0,0,0,0,0
1415065253.94331,pg_catalog,pg_cast,0,0,257583,66342,0,0,0,0,0,0,1454,64888,1595,264775,,,,
1415065253.94331,pg_catalog,pg_amop,0,0,75219,106214,0,0,0,0,0,0,3004,103210,5069,157007,,,,
1415065253.94331,pg_catalog,pg_user_mapping,0,0,0,0,0,0,0,0,0,0,0,0,0,0,,,,
1415065253.94331,pg_catalog,pg_type,0,0,201051,199459,431,0,412,0,360,50,3721,197597,4497,410325,,,,
1415065253.94331,pg_catalog,pg_largeobject,0,0,0,0,0,0,0,0,0,0,0,0,0,0,,,,
1415065253.94331,pg_catalog,pg_ts_config_map,0,0,0,0,0,0,0,0,0,0,0,0,0,0,,,,
1415065253.94331,pg_catalog,pg_largeobject_metadata,0,0,0,0,0,0,0,0,0,0,0,0,0,0,,,,
1415065253.94331,pg_catalog,pg_am,9768,9768,0,0,0,0,0,0,0,0,940,8828,0,0,,,,
1415065253.94331,pg_toast,pg_toast_11722,0,0,0,0,0,0,0,0,0,0,0,0,0,0,,,,
1415065253.94331,pg_catalog,pg_ts_template,0,0,0,0,0,0,0,0,0,0,0,0,0,0,,,,
1415065253.94331,pg_catalog,pg_foreign_server,0,0,0,0,0,0,0,0,0,0,0,0,0,0,,,,
1415065253.94331,pg_catalog,pg_namespace,1536,15630,66521,57522,12,0,0,0,12,0,824,58265,2109,74941,,,,
1415065253.94331,public,partsupp,71,296000000,954651,39993716,8000000,0,0,0,8000000,0,8225751,37498441,619361,2359271,,,,
1415065253.94331,pg_toast,pg_toast_2619,0,0,15159,50425,858,0,602,0,266,54,4934,19305,567,28464,,,,
1415065253.94331,public,nation,376,4725,434097,434505,25,0,0,0,25,0,42,434246,145,434258,,,,
1415065253.94331,pg_catalog,pg_authid,636,636,18093,18093,0,0,0,0,0,0,804,17925,3248,32938,,,,
1415065253.94331,pg_catalog,pg_default_acl,0,0,872,0,0,0,0,0,0,0,0,0,93,779,,,,
1415065253.94331,pg_catalog,pg_shdepend,0,0,1138,231,0,0,0,0,0,0,97,134,388,1178,,,,
1415065253.94331,pg_catalog,pg_constraint,0,0,72,32,40,0,32,0,10,32,22,205,40,384,0,0,0,0
1415065253.94331,pg_catalog,pg_index,3453,424494,88325,125740,168,0,140,0,143,47,3704,113800,3553,100718,,,,
1415065253.94331,pg_catalog,pg_ts_dict,0,0,0,0,0,0,0,0,0,0,0,0,0,0,,,,
1415065253.94331,pg_toast,pg_toast_2604,0,0,0,0,0,0,0,0,0,0,0,0,0,0,,,,
1415065253.94331,public,customer,142,111000000,1377,25038737,1500000,0,0,0,1500000,0,2818377,6682391,74576,4942,,,,
1415065253.94331,pg_toast,pg_toast_11732,0,0,0,0,0,0,0,0,0,0,0,0,0,0,,,,
1415065253.94331,pg_catalog,pg_proc,0,0,95093,139693,0,0,0,0,0,0,11799,97360,9511,197933,0,0,0,0
1415065313.94781,pg_catalog,pg_attrdef,0,0,0,0,0,0,0,0,0,0,0,0,0,0,0,0,0,0
1415065313.94781,pg_catalog,pg_db_role_setting,0,0,40908,0,0,0,0,0,0,0,0,0,996,39912,0,0,0,0
1415065313.94781,pg_catalog,pg_rowsecurity,0,0,0,0,0,0,0,0,0,0,0,0,0,0,,,,
1415065313.94781,pg_catalog,pg_description,0,0,914,0,0,0,0,0,0,0,0,0,289,1749,0,0,0,0
1415065313.94781,pg_catalog,pg_foreign_data_wrapper,0,0,0,0,0,0,0,0,0,0,0,0,0,0,,,,
1415065313.94781,pg_catalog,pg_conversion,0,0,0,0,0,0,0,0,0,0,0,0,0,0,,,,
1415065313.94781,information_schema,sql_features,0,0,,,0,0,0,0,0,0,0,0,,,0,0,0,0
1415065313.94781,public,orders,224,1831320000,88067251,146143601,15255000,0,240000,0,15015000,240000,24482982,108135387,519361,266638041,,,,
1415065313.94781,pg_catalog,pg_class,6782,1824436,325316,307994,390,130,352,125,337,43,8117,367782,8668,666428,,,,
1415065313.94781,pg_catalog,pg_opfamily,0,0,0,0,0,0,0,0,0,0,0,0,0,0,,,,
1415065313.94781,pg_catalog,pg_auth_members,0,0,0,0,0,0,0,0,0,0,0,0,0,0,,,,
1415065313.94781,pg_catalog,pg_operator,0,0,59953,277235,0,0,0,0,0,0,9545,186327,6562,126943,,,,
1415065313.94781,information_schema,sql_packages,0,0,,,0,0,0,0,0,0,0,0,,,0,0,0,0
1415065313.94781,pg_catalog,pg_attribute,737,5025,227253,455255,1540,50,1362,27,2514,154,11560,245499,5419,466823,,,,
1415065313.94781,pg_catalog,pg_tablespace,2,4,7079,7079,0,0,0,0,0,0,827,6254,1667,12521,,,,
1415065313.94781,pg_catalog,pg_statistic,0,0,49233,44895,360,869,294,552,467,112,6087,41813,2718,104341,4944,19370,567,28578
1415065313.94781,pg_catalog,pg_aggregate,0,0,4019,4019,0,0,0,0,0,0,845,3174,1724,5402,,,,
1415065313.94781,pg_catalog,pg_inherits,0,0,210,0,0,0,0,0,0,0,0,0,99,111,,,,
1415065313.94781,information_schema,sql_sizing,0,0,,,0,0,0,0,0,0,0,0,,,0,0,0,0
1415065313.94781,pg_catalog,pg_enum,0,0,0,0,0,0,0,0,0,0,0,0,0,0,,,,
1415065313.94781,pg_toast,pg_toast_2396,0,0,0,0,0,0,0,0,0,0,0,0,0,0,,,,
1415065313.94781,public,lineitem,161,5582229164,71705753,1633040901,61005121,0,959941,0,60044832,959941,130151563,401908375,16014994,300470767,,,,
1415065313.94781,pg_catalog,pg_pltemplate,0,0,0,0,0,0,0,0,0,0,0,0,0,0,,,,
1415065313.94781,pg_toast,pg_toast_2618,0,0,3026,9676,0,0,0,0,0,0,1191,2464,426,4428,,,,
1415065313.94781,pg_toast,pg_toast_3596,0,0,0,0,0,0,0,0,0,0,0,0,0,0,,,,
1415065313.94781,pg_toast,pg_toast_11747,0,0,0,0,0,0,0,0,0,0,0,0,0,0,,,,
1415065313.94781,pg_toast,pg_toast_11727,0,0,0,0,0,0,0,0,0,0,0,0,0,0,,,,
1415065313.94781,pg_toast,pg_toast_2606,0,0,0,0,0,0,0,0,0,0,0,0,0,0,,,,
1415065313.94781,public,region,108301,541080,272,272,5,0,0,0,5,0,30,108460,84,290,,,,
1415065313.94781,pg_toast,pg_toast_2964,0,0,0,0,0,0,0,0,0,0,0,0,0,0,,,,
1415065313.94781,pg_catalog,pg_database,1813,7138,37018,37016,1,0,0,0,1,0,684,38146,4188,53267,,,,
1415065313.94781,information_schema,sql_parts,0,0,,,0,0,0,0,0,0,0,0,,,0,0,0,0
1415065313.94781,pg_toast,pg_toast_2620,0,0,0,0,0,0,0,0,0,0,0,0,0,0,,,,
1415065313.94781,pg_toast,pg_toast_11737,0,0,0,0,0,0,0,0,0,0,0,0,0,0,,,,
1415065313.94781,pg_catalog,pg_depend,0,0,8930,9582,1674,0,1584,0,6685,213,1375,10629,2305,23269,,,,
1415065313.94781,pg_catalog,pg_language,0,0,0,0,0,0,0,0,0,0,0,0,0,0,,,,
1415065313.94781,information_schema,sql_implementation_info,0,0,,,0,0,0,0,0,0,0,0,,,0,0,0,0
1415065313.94781,pg_catalog,pg_amproc,134,268,36673,57109,0,0,0,0,0,0,1098,35282,2988,79982,,,,
1415065313.94781,pg_catalog,pg_collation,0,0,0,0,0,0,0,0,0,0,0,0,0,0,,,,
1415065313.94781,pg_catalog,pg_range,0,0,1600,0,0,0,0,0,0,0,0,0,1488,1712,,,,
1415065313.94781,pg_toast,pg_toast_2609,0,0,0,0,0,0,0,0,0,0,0,0,0,0,,,,
1415065313.94781,public,supplier,123,5500000,56252938,57405530,100000,0,0,0,100000,0,19777,56510135,2472,112815905,,,,
1415065313.94781,pg_catalog,pg_opclass,134,134,48368,552776,0,0,0,0,0,0,2331,214571,3397,58853,,,,
1415065313.94781,pg_toast,pg_toast_11752,0,0,0,0,0,0,0,0,0,0,0,0,0,0,,,,
1415065313.94781,pg_catalog,pg_rewrite,0,0,4909,4567,114,0,114,0,110,38,1474,3833,730,7664,1191,2464,852,8856
1415065313.94781,pg_toast,pg_toast_1255,0,0,0,0,0,0,0,0,0,0,0,0,0,0,,,,
1415065313.94781,pg_catalog,pg_seclabel,0,0,914,0,0,0,0,0,0,0,0,0,95,819,0,0,0,0
1415065313.94781,information_schema,sql_languages,0,0,,,0,0,0,0,0,0,0,0,,,0,0,0,0
1415065313.94781,pg_catalog,pg_ts_parser,0,0,0,0,0,0,0,0,0,0,0,0,0,0,,,,
1415065313.94781,pg_catalog,pg_trigger,0,0,0,0,0,0,0,0,0,0,0,0,0,0,0,0,0,0
1415065313.94781,pg_catalog,pg_shseclabel,0,0,0,0,0,0,0,0,0,0,0,0,0,0,,,,
1415065313.94781,pg_catalog,pg_event_trigger,0,0,410,0,0,0,0,0,0,0,0,0,98,312,,,,
1415065313.94781,pg_toast,pg_toast_11742,0,0,0,0,0,0,0,0,0,0,0,0,0,0,,,,
1415065313.94781,pg_catalog,pg_foreign_table,0,0,0,0,0,0,0,0,0,0,0,0,0,0,,,,
1415065313.94781,information_schema,sql_sizing_profiles,0,0,,,0,0,0,0,0,0,0,0,,,0,0,0,0
1415065313.94781,pg_catalog,pg_extension,0,0,0,0,0,0,0,0,0,0,0,0,0,0,,,,
1415065313.94781,public,time_statistics,440,110575,,,444,440,0,378,444,60,353,2759,,,,,,
1415065313.94781,pg_catalog,pg_ts_config,0,0,0,0,0,0,0,0,0,0,0,0,0,0,,,,
1415065313.94781,public,part,74,80000000,1331,73874412,2000000,0,0,0,2000000,0,2873433,1383162,191993,47473,,,,
1415065313.94781,pg_catalog,pg_shdescription,0,0,0,0,0,0,0,0,0,0,0,0,0,0,0,0,0,0
1415065313.94781,pg_catalog,pg_cast,0,0,258396,66471,0,0,0,0,0,0,1454,65017,1595,265608,,,,
1415065313.94781,pg_catalog,pg_amop,0,0,75321,106355,0,0,0,0,0,0,3004,103351,5072,157228,,,,
1415065313.94781,pg_catalog,pg_user_mapping,0,0,0,0,0,0,0,0,0,0,0,0,0,0,,,,
1415065313.94781,pg_catalog,pg_type,0,0,201575,199971,435,0,416,0,360,54,3725,198119,4498,411416,,,,
1415065313.94781,pg_catalog,pg_largeobject,0,0,0,0,0,0,0,0,0,0,0,0,0,0,,,,
1415065313.94781,pg_catalog,pg_ts_config_map,0,0,0,0,0,0,0,0,0,0,0,0,0,0,,,,
1415065313.94781,pg_catalog,pg_largeobject_metadata,0,0,0,0,0,0,0,0,0,0,0,0,0,0,,,,
1415065313.94781,pg_catalog,pg_am,9794,9794,0,0,0,0,0,0,0,0,940,8854,0,0,,,,
1415065313.94781,pg_toast,pg_toast_11722,0,0,0,0,0,0,0,0,0,0,0,0,0,0,,,,
1415065313.94781,pg_catalog,pg_ts_template,0,0,0,0,0,0,0,0,0,0,0,0,0,0,,,,
1415065313.94781,pg_catalog,pg_foreign_server,0,0,0,0,0,0,0,0,0,0,0,0,0,0,,,,
1415065313.94781,pg_catalog,pg_namespace,1538,15666,66735,57713,12,0,0,0,12,0,824,58458,2111,75179,,,,
1415065313.94781,public,partsupp,71,296000000,954651,39993716,8000000,0,0,0,8000000,0,8225751,37498441,619361,2359271,,,,
1415065313.94781,pg_toast,pg_toast_2619,0,0,15198,50492,870,0,613,0,267,65,4944,19370,567,28578,,,,
1415065313.94781,public,nation,376,4725,434097,434505,25,0,0,0,25,0,42,434246,145,434258,,,,
1415065313.94781,pg_catalog,pg_authid,637,637,18140,18140,0,0,0,0,0,0,804,17973,3248,33032,,,,
1415065313.94781,pg_catalog,pg_default_acl,0,0,880,0,0,0,0,0,0,0,0,0,94,786,,,,
1415065313.94781,pg_catalog,pg_shdepend,0,0,1148,233,0,0,0,0,0,0,98,135,390,1190,,,,
1415065313.94781,pg_catalog,pg_constraint,0,0,72,32,40,0,32,0,10,32,22,205,40,384,0,0,0,0
1415065313.94781,pg_catalog,pg_index,3465,425216,88555,126032,170,0,142,0,143,49,3707,114120,3553,100992,,,,
1415065313.94781,pg_catalog,pg_ts_dict,0,0,0,0,0,0,0,0,0,0,0,0,0,0,,,,
1415065313.94781,pg_toast,pg_toast_2604,0,0,0,0,0,0,0,0,0,0,0,0,0,0,,,,
1415065313.94781,public,customer,142,111000000,1377,25038737,1500000,0,0,0,1500000,0,2818377,6682391,74576,4942,,,,
1415065313.94781,pg_toast,pg_toast_11732,0,0,0,0,0,0,0,0,0,0,0,0,0,0,,,,
1415065313.94781,pg_catalog,pg_proc,0,0,95235,139870,0,0,0,0,0,0,11805,97516,9513,198257,0,0,0,0
